Example,Original_Message,Decoded_Bits,Polar_code,Binary_Corrupted_codeword,Corrupted_codeword,Output
0,"[1, 1, 1, 1, 1, 1, 1, 1]","[1, 0, 1, 1, 1, 1, 1, 1]",,"[0, 1, 1, 1, 1, 1, 1, 0, 1, 1, 0, 0, 0, 0, 0, 1]","[0.9226, -1.23604, -1.17882, -2.45125, -1.69371, -0.32203, -2.26104, 1.75243, -1.70149, -0.13263, 1.54481, 1.39379, 1.60243, 0.96739, 0.97486, -0.39015]","[-1.03312, 1.0492, -1.03291, -1.03216, -1.04168, -1.033, -1.03383, -1.03524]"
1,"[1, 1, 1, 1, 1, 1, 1, 0]","[0, 1, 0, 1, 1, 1, 0, 0]",,"[1, 0, 0, 0, 0, 0, 0, 0, 0, 1, 1, 1, 0, 1, 0, 0]","[-0.77471, 1.1435, 2.43438, 0.17002, 0.5506, 1.07119, 2.21674, 0.02184, 2.26266, -0.09779, -0.8631, -1.2268, 0.28323, -0.50646, 0.0639, 1.50551]","[1.03786, -1.05115, 1.03379, -1.04444, -1.04833, -1.04288, 1.03805, 1.03936]"
2,"[1, 1, 1, 1, 1, 1, 0, 1]","[1, 0, 1, 1, 0, 0, 0, 1]",,"[1, 1, 0, 1, 0, 1, 0, 0, 0, 0, 1, 0, 1, 1, 1, 1]","[-2.0829, -0.82795, 1.26278, -0.59555, 0.3447, -1.77277, 0.00753, 1.21917, 1.56305, 0.72858, -1.14492, 1.49485, -1.54598, -0.0903, -0.33052, -0.41839]","[-1.03391, 1.04905, -1.03685, -1.03168, 1.0526, 1.04309, 1.0421, -1.03413]"
3,"[1, 1, 1, 1, 1, 0, 1, 1]","[1, 1, 1, 1, 1, 0, 1, 1]",,"[1, 1, 1, 1, 0, 0, 1, 0, 0, 1, 0, 0, 1, 1, 0, 1]","[-1.21636, -0.58072, -0.9147, -0.58064, 0.88446, 0.20169, -0.5013, 0.99083, 2.21175, -0.67915, 1.70579, 1.67169, -1.70447, -1.22733, 0.54698, -2.21451]","[-1.03138, -1.05431, -1.03663, -1.03145, -1.04012, 1.04291, -1.03253, -1.0342]"
4,"[1, 1, 1, 1, 1, 0, 1, 0]","[1, 1, 0, 1, 0, 0, 0, 0]",,"[0, 1, 0, 0, 1, 1, 0, 1, 1, 0, 1, 1, 0, 0, 0, 0]","[1.71302, -1.45543, 0.32609, 1.39013, -0.85516, -0.75113, 0.61191, -0.53222, -0.58711, 0.75497, -1.04278, -1.3551, 1.21181, 2.27591, 0.02956, 0.16999]","[-1.0413, -1.04601, 1.03672, -1.04251, 1.04015, 1.03828, 1.03853, 1.03926]"
5,"[1, 1, 1, 1, 1, 0, 0, 1]","[1, 1, 1, 1, 1, 0, 0, 1]",,"[0, 1, 0, 1, 1, 0, 0, 0, 1, 1, 1, 0, 0, 1, 1, 1]","[1.24295, -0.47123, 1.23685, -2.81122, -0.81167, 2.22592, 3.06311, 1.73543, -0.01685, -0.82971, -1.43749, 0.91886, 1.64496, -1.61277, -0.28927, -0.49392]","[-1.03285, -1.04415, -1.03957, -1.03261, -1.03418, 1.04384, 1.04255, -1.0342]"
6,"[1, 1, 1, 1, 1, 0, 0, 0]","[1, 1, 1, 1, 1, 0, 0, 0]",,"[1, 1, 1, 0, 0, 1, 1, 1, 0, 0, 0, 1, 1, 0, 0, 0]","[-1.62536, -1.10316, -0.62988, 1.32945, 0.06134, -0.77513, -1.29268, -1.29807, 2.15504, 1.24769, 1.91916, -0.75068, -0.31017, 1.76244, 1.47257, 0.70882]","[-1.04097, -1.04495, -1.04638, -1.04291, -1.03966, 1.03774, 1.03811, 1.03907]"
7,"[1, 1, 1, 1, 0, 1, 1, 1]","[1, 1, 1, 1, 0, 1, 1, 1]",,"[1, 1, 1, 1, 0, 1, 1, 0, 0, 0, 0, 0, 1, 0, 0, 1]","[-0.67742, -1.50099, -1.90227, -1.51171, 0.6188, -0.86641, -1.3731, 1.07802, 0.03389, 0.5401, 1.01976, 1.12476, -0.38302, 1.89368, 1.61249, -0.45615]","[-1.03276, -1.04034, -1.0341, -1.03181, 1.05247, -1.03267, -1.03367, -1.03419]"
8,"[1, 1, 1, 1, 0, 1, 0, 1]","[1, 1, 0, 1, 0, 1, 0, 1]",,"[0, 1, 0, 0, 1, 1, 0, 0, 1, 0, 0, 0, 0, 0, 1, 1]","[0.87946, -0.71517, 0.75921, 0.08321, -1.78389, -1.86754, 0.90924, 0.99948, -0.89501, 1.1018, 0.04815, 1.10321, 0.39029, 1.15757, -1.09783, -2.10373]","[-1.03212, -1.04328, 1.05155, -1.03267, 1.04128, -1.03223, 1.03844, -1.03511]"
9,"[1, 1, 1, 1, 0, 1, 0, 0]","[1, 1, 1, 1, 0, 1, 0, 0]",,"[1, 0, 1, 0, 0, 0, 1, 1, 0, 1, 0, 1, 1, 1, 0, 0]","[-1.11676, 0.02293, -1.20883, 1.42994, 1.82876, 1.83834, -1.51842, -1.17636, 0.94323, -1.5168, 1.76397, -1.69787, -1.39964, -1.13255, 1.37874, 1.60745]","[-1.04234, -1.05328, -1.05434, -1.0446, 1.04674, -1.04336, 1.03812, 1.03953]"
10,"[1, 1, 1, 1, 0, 0, 1, 1]","[1, 1, 1, 1, 0, 0, 1, 1]",,"[0, 0, 1, 1, 1, 0, 1, 0, 1, 1, 0, 0, 0, 1, 0, 1]","[1.85876, 0.93899, -1.25987, -0.99711, -1.07102, 0.3118, -0.13783, 0.16664, -1.22734, -1.51783, 0.13905, 1.13989, 0.35122, -2.41704, 2.19075, -0.93476]","[-1.03138, -1.0549, -1.03947, -1.03197, 1.05064, 1.04367, -1.03283, -1.03436]"
11,"[1, 1, 1, 1, 0, 0, 1, 0]","[1, 1, 1, 1, 0, 0, 1, 0]",,"[1, 1, 0, 0, 0, 1, 0, 1, 0, 0, 1, 1, 1, 0, 1, 0]","[-2.04496, -1.93049, 1.28293, 1.37124, 0.25689, -0.99601, 1.37728, -1.63175, 2.17356, 1.03843, -1.37458, -1.03472, -0.43364, 1.60099, -2.74392, 1.26968]","[-1.03973, -1.05079, -1.05368, -1.04137, 1.05362, 1.04118, -1.03981, 1.0414]"
12,"[1, 1, 1, 1, 0, 0, 0, 1]","[1, 1, 1, 1, 0, 0, 0, 1]",,"[1, 0, 0, 1, 0, 0, 0, 0, 0, 1, 1, 0, 1, 1, 1, 1]","[-1.39419, 0.27141, 0.19406, -1.76363, 0.97207, 0.73565, 1.51789, 0.94666, 0.66365, -0.51762, -1.2308, 1.45808, -1.0391, -0.0261, -0.88748, -0.53454]","[-1.03511, -1.04215, -1.03736, -1.03199, 1.0522, 1.04325, 1.04216, -1.03457]"
13,"[1, 1, 1, 1, 0, 0, 0, 0]","[1, 0, 1, 1, 1, 1, 0, 0]",,"[0, 1, 1, 0, 1, 1, 1, 1, 1, 0, 0, 1, 0, 1, 0, 0]","[1.31775, -1.02104, -1.43395, 2.41897, -0.76168, -0.5188, -1.34809, -3.06575, -0.87953, 0.56432, 1.99333, -1.11915, 0.92625, -0.02601, 1.08852, 0.70931]","[-1.04096, 1.05127, -1.05471, -1.04457, -1.04781, -1.04184, 1.04026, 1.0408]"
14,"[1, 1, 1, 0, 1, 1, 1, 0]","[1, 0, 1, 0, 1, 1, 1, 0]",,"[0, 1, 1, 1, 0, 0, 0, 1, 1, 1, 0, 0, 1, 1, 1, 0]","[0.52251, -0.61294, -1.28669, -1.2034, 1.20358, 0.20953, 0.66405, -0.3826, -1.45879, -0.14216, 1.15956, 2.06243, -1.67424, -1.46139, -1.94235, 0.32282]","[-1.03836, 1.05041, -1.03944, 1.04495, -1.03466, -1.03786, -1.0381, 1.0417]"
15,"[1, 1, 1, 0, 1, 1, 0, 1]","[1, 0, 1, 0, 0, 0, 0, 1]",,"[1, 0, 1, 0, 0, 1, 0, 0, 1, 1, 0, 1, 1, 1, 1, 1]","[-0.40166, 2.28799, -1.00668, 0.4237, 0.72985, -2.52459, 0.87009, 1.06058, -0.32166, -0.64988, 1.59083, -1.0551, -1.16828, -0.10648, -1.53103, -0.33426]","[-1.03397, 1.05244, -1.05007, 1.04472, 1.05181, 1.04295, 1.04204, -1.03402]"
16,"[1, 1, 1, 0, 1, 1, 0, 0]","[1, 1, 1, 0, 1, 1, 0, 0]",,"[1, 1, 0, 1, 1, 0, 1, 1, 1, 0, 1, 0, 0, 1, 0, 0]","[-0.64477, -1.80338, 2.43092, -0.09581, -0.41908, 0.98247, -2.08002, -2.31934, -0.0093, 1.45826, -1.21551, 2.47556, 1.88217, -0.22579, 0.96487, 0.45966]","[-1.04084, -1.05307, -1.05032, 1.04269, -1.04398, -1.04166, 1.04063, 1.04121]"
17,"[1, 1, 1, 0, 1, 0, 1, 1]","[1, 0, 0, 0, 1, 0, 1, 1]",,"[0, 1, 0, 0, 0, 0, 1, 0, 1, 1, 0, 1, 1, 1, 0, 1]","[1.21332, -2.27741, 0.86037, 0.68669, 2.15454, 1.64088, -1.18839, 1.18253, -0.2076, -0.37985, 0.09386, -2.32746, -0.4449, -0.53409, 0.4461, -0.45884]","[-1.0309, 1.0499, 1.05766, 1.04461, -1.04255, 1.04328, -1.03261, -1.03348]"
18,"[1, 1, 1, 0, 1, 0, 1, 0]","[1, 0, 0, 0, 0, 1, 1, 0]",,"[1, 0, 1, 1, 1, 1, 0, 1, 0, 1, 1, 0, 0, 1, 1, 0]","[-1.6019, 1.47595, -1.69595, -0.55115, -1.23996, -2.05997, 1.48873, -1.18452, 0.5194, -2.34306, -0.02937, 1.67579, 1.66567, -0.80148, -1.31725, 0.81586]","[-1.0365, 1.05136, 1.0574, 1.04892, 1.05404, -1.03596, -1.03653, 1.04436]"
19,"[1, 1, 1, 0, 1, 0, 0, 0]","[1, 1, 1, 0, 1, 0, 0, 0]",,"[0, 0, 0, 1, 0, 1, 1, 1, 1, 1, 1, 0, 1, 0, 0, 0]","[0.70133, 0.76868, 1.40101, -1.39744, 2.20977, -1.59843, -0.21644, -1.33986, -1.25324, -1.72855, -0.96236, 1.13626, -1.81419, 1.66503, 0.52989, 0.7264]","[-1.04022, -1.04922, -1.05038, 1.0381, -1.04049, 1.03813, 1.03833, 1.03889]"
20,"[1, 1, 1, 0, 0, 1, 1, 1]","[1, 1, 0, 0, 1, 1, 0, 1]",,"[0, 0, 0, 0, 0, 1, 1, 0, 1, 1, 1, 1, 1, 0, 1, 1]","[0.89596, 1.44923, 2.07171, 1.51604, 1.76994, -0.94704, -0.9091, 1.77945, -0.6475, -0.74274, -0.87957, -2.15031, -0.11105, 1.19853, -0.22576, -1.54317]","[-1.03608, -1.05155, 1.05561, 1.03958, -1.04155, -1.03754, 1.0389, -1.03614]"
21,"[1, 1, 1, 0, 0, 1, 1, 0]","[1, 1, 1, 0, 0, 1, 1, 0]",,"[1, 1, 1, 1, 0, 0, 0, 1, 0, 0, 0, 0, 0, 1, 1, 0]","[-0.74403, -0.91772, -1.10338, -1.14115, 0.54356, 0.10275, 1.10136, -2.77096, 1.40731, 1.22224, 2.17364, 1.87231, 1.00202, -0.81586, -0.97322, 1.17247]","[-1.03759, -1.04425, -1.04143, 1.04838, 1.05363, -1.03732, -1.03709, 1.04388]"
22,"[1, 1, 1, 0, 0, 1, 0, 1]","[0, 1, 1, 0, 1, 1, 0, 1]",,"[1, 0, 1, 0, 1, 1, 0, 1, 0, 1, 0, 1, 1, 0, 1, 1]","[-0.33541, 0.32895, -2.05115, 1.38697, -1.06223, -0.38649, 1.56872, -0.19003, 0.99034, -1.97065, 2.08177, -0.05492, -0.14651, 1.43016, -2.2126, -0.76035]","[1.03719, -1.05463, -1.04513, 1.03986, -1.04143, -1.03178, 1.03888, -1.03501]"
23,"[1, 1, 1, 0, 0, 1, 0, 0]","[1, 1, 1, 0, 0, 1, 0, 0]",,"[0, 1, 0, 1, 0, 0, 1, 1, 1, 0, 1, 0, 1, 1, 0, 0]","[0.61881, -0.55886, 1.4403, -0.90433, 1.63604, 0.6357, -1.56257, -0.57849, -0.15634, 1.62386, -1.03624, 1.387, -0.97546, -0.8392, 0.296, 0.76554]","[-1.04167, -1.05295, -1.05076, 1.0397, 1.04853, -1.04243, 1.03847, 1.03984]"
24,"[1, 1, 1, 0, 0, 0, 1, 1]","[1, 1, 1, 0, 1, 0, 1, 1]",,"[0, 1, 0, 0, 1, 0, 1, 0, 1, 0, 1, 1, 1, 1, 0, 1]","[0.82707, -0.47409, 2.08565, 0.07519, -0.34824, 0.83952, -1.77648, 0.65026, -0.03335, 0.30192, -1.09023, -1.88445, -0.6459, -1.49033, 0.268, -0.79247]","[-1.03089, -1.04644, -1.0446, 1.04409, -1.04353, 1.04327, -1.03249, -1.03397]"
25,"[1, 1, 1, 0, 0, 0, 1, 0]","[0, 0, 1, 0, 0, 0, 1, 0]",,"[0, 0, 1, 1, 0, 1, 0, 0, 1, 0, 0, 0, 1, 0, 1, 0]","[1.74695, 0.68947, -0.29585, -1.72251, 2.01017, -0.25318, 0.50718, 0.19448, -1.54176, 0.30739, 1.03281, 0.26177, -0.69292, 1.04745, -0.27681, 1.17009]","[1.04105, 1.05167, -1.04504, 1.04191, 1.05247, 1.0413, -1.0397, 1.04151]"
26,"[1, 1, 1, 0, 0, 0, 0, 1]","[1, 0, 0, 0, 0, 1, 1, 1]",,"[0, 1, 1, 0, 1, 0, 0, 0, 1, 0, 0, 1, 1, 0, 0, 1]","[0.60238, -0.54898, -1.70726, 1.27535, -0.21247, 0.30203, 1.04166, 2.55336, -0.73376, 1.37321, 1.38893, -1.11277, -1.64414, 0.09892, 0.24545, -1.02603]","[-1.03205, 1.05357, 1.05328, 1.04168, 1.0526, -1.03225, -1.03315, -1.0339]"
27,"[1, 1, 1, 0, 0, 0, 0, 0]","[1, 1, 0, 0, 0, 0, 0, 0]",,"[1, 0, 0, 1, 1, 1, 1, 1, 0, 1, 0, 0, 0, 0, 0, 0]","[-0.7442, 0.48412, 0.50863, -2.00109, -1.69126, -0.83298, -0.47905, -1.52567, 1.29051, -1.98878, 0.16527, 1.08444, 1.22663, 0.75074, 1.34718, 2.34812]","[-1.04227, -1.04472, 1.04296, 1.03967, 1.03794, 1.03868, 1.03897, 1.03982]"
28,"[1, 1, 0, 1, 1, 1, 1, 1]","[1, 1, 0, 1, 1, 1, 1, 1]",,"[1, 1, 0, 1, 0, 1, 1, 0, 0, 0, 1, 0, 0, 0, 0, 1]","[-0.43007, -0.20979, 0.22493, -1.63413, 0.29785, -1.29426, -0.60419, 0.84069, 0.03413, 0.9425, -1.92078, 1.9797, 0.96716, 1.26312, 0.60505, -0.82238]","[-1.03317, -1.04132, 1.05272, -1.03176, -1.04518, -1.033, -1.0339, -1.03548]"
29,"[1, 1, 0, 1, 1, 1, 1, 0]","[1, 1, 0, 1, 1, 1, 1, 0]",,"[0, 0, 1, 0, 0, 0, 0, 1, 1, 1, 0, 1, 1, 1, 1, 0]","[1.42863, 0.49585, -0.60711, 0.15851, 2.5475, 1.37248, 1.66964, -0.97881, -1.55666, -1.79708, 1.05418, -0.9611, -1.13678, -1.24403, -0.72082, 1.63822]","[-1.03861, -1.04328, 1.05174, -1.03838, -1.0409, -1.03835, -1.03805, 1.0404]"
30,"[1, 1, 0, 1, 1, 1, 0, 1]","[1, 1, 0, 1, 1, 1, 0, 1]",,"[0, 0, 1, 1, 0, 1, 0, 0, 0, 0, 0, 0, 1, 0, 1, 1]","[1.23899, 0.11886, -1.19946, -0.66919, 1.2542, -1.18652, 0.08853, 1.80681, 0.29342, 1.82046, 2.18333, 0.2924, -0.52659, 0.91039, -0.90397, -0.00454]","[-1.03219, -1.04538, 1.05298, -1.03258, -1.043, -1.03232, 1.03929, -1.03437]"
31,"[1, 1, 0, 1, 1, 1, 0, 0]","[1, 0, 0, 1, 0, 0, 0, 0]",,"[0, 0, 1, 0, 1, 0, 1, 1, 1, 1, 1, 1, 0, 0, 0, 0]","[0.05857, 0.69559, -0.93442, 3.27305, -2.04817, 1.53337, -1.48675, -1.81537, -0.62305, -0.04029, -1.5504, -1.92962, 0.08321, 0.06914, 1.06427, 0.83721]","[-1.04085, 1.0392, 1.03705, -1.04244, 1.03838, 1.03815, 1.03843, 1.03907]"
32,"[1, 1, 0, 1, 1, 0, 1, 1]","[1, 1, 0, 1, 1, 0, 1, 1]",,"[0, 0, 0, 1, 0, 0, 1, 0, 1, 1, 1, 0, 1, 1, 0, 1]","[1.49709, 0.60834, 1.86741, -1.16736, 1.15731, 1.38507, -0.5694, 1.32077, -1.23803, -1.28548, -2.08816, 0.68376, -0.10555, -1.74491, 1.4601, -1.87936]","[-1.03064, -1.05506, 1.05433, -1.03178, -1.04346, 1.043, -1.03261, -1.034]"
33,"[1, 1, 0, 1, 1, 0, 1, 0]","[1, 1, 1, 1, 0, 0, 0, 0]",,"[1, 1, 1, 1, 1, 1, 0, 1, 0, 0, 0, 1, 0, 0, 0, 0]","[-1.23475, -0.91661, -1.77874, -0.01855, -0.90778, -1.7987, 1.33741, -2.17664, 0.96587, 0.2648, 0.69336, -0.97053, 0.62014, 0.70282, 0.25469, 0.98324]","[-1.04173, -1.04531, -1.04547, -1.04279, 1.03865, 1.04005, 1.04044, 1.04213]"
34,"[1, 1, 0, 1, 1, 0, 0, 0]","[1, 0, 0, 1, 1, 0, 0, 0]",,"[0, 1, 0, 0, 0, 1, 1, 1, 1, 1, 1, 1, 1, 0, 0, 0]","[0.81946, -1.0096, 1.66342, 1.55585, 0.46986, -0.39525, -1.26461, -0.65724, -0.33338, -0.39854, -1.53609, -0.57146, -0.55104, 1.74138, 1.27024, 2.43617]","[-1.04014, 1.03821, 1.03649, -1.04258, -1.04082, 1.03819, 1.03838, 1.03895]"
35,"[1, 1, 0, 1, 0, 1, 1, 1]","[1, 1, 0, 1, 0, 1, 1, 1]",,"[1, 1, 0, 1, 0, 1, 1, 0, 1, 0, 1, 0, 1, 0, 0, 1]","[-1.17142, -1.09943, 0.92684, -1.44689, 1.7259, -0.18958, -0.78475, 1.20858, -1.4524, 0.90943, -1.76084, 1.97912, -0.93344, 1.17298, 1.72373, -1.09361]","[-1.03272, -1.0406, 1.05284, -1.03137, 1.0521, -1.03252, -1.03361, -1.03411]"
36,"[1, 1, 0, 1, 0, 1, 0, 0]","[1, 1, 0, 1, 0, 1, 0, 0]",,"[0, 0, 0, 0, 0, 0, 1, 1, 0, 1, 1, 1, 1, 1, 0, 0]","[1.20608, 0.34004, 1.90696, 0.66046, 0.70507, 1.21338, -0.31657, -1.31711, 0.54701, -1.23618, -1.49282, -1.26751, -1.12666, -0.61297, 0.92711, 1.23273]","[-1.04228, -1.05242, 1.03616, -1.04411, 1.04592, -1.0431, 1.03822, 1.03993]"
37,"[1, 1, 0, 1, 0, 0, 1, 1]","[1, 0, 1, 1, 1, 0, 0, 1]",,"[1, 0, 0, 1, 1, 0, 1, 0, 0, 0, 1, 0, 0, 1, 1, 1]","[-0.15569, 0.48647, 1.05834, -1.73534, -0.70847, 0.37567, -1.22285, 0.96329, 0.39979, 0.21372, -1.45503, 1.6923, 1.20674, -1.23779, -0.07214, -2.23031]","[-1.03324, 1.04983, -1.03807, -1.0326, -1.03336, 1.04356, 1.04238, -1.03434]"
38,"[1, 1, 0, 1, 0, 0, 1, 0]","[1, 0, 1, 0, 0, 0, 1, 0]",,"[0, 1, 1, 0, 0, 1, 0, 1, 1, 0, 0, 0, 1, 0, 1, 0]","[1.86001, -0.9072, -1.6804, 1.22546, 2.34751, -1.14808, 0.90545, -0.80327, -0.13824, 0.67968, 1.03407, 0.51983, -0.72888, 0.53417, -0.15077, 1.76888]","[-1.03985, 1.05187, -1.04193, 1.04241, 1.05375, 1.04202, -1.03971, 1.04189]"
39,"[1, 1, 0, 1, 0, 0, 0, 1]","[1, 1, 0, 1, 0, 0, 0, 1]",,"[0, 0, 1, 1, 0, 0, 0, 0, 0, 1, 0, 0, 1, 1, 1, 1]","[1.4329, 0.91492, -1.11443, -0.61116, 1.70167, 1.47108, 0.00722, 1.00251, 0.02105, -0.59797, 0.78985, 2.18288, -0.29386, -1.5076, -1.37136, -0.35873]","[-1.03447, -1.0426, 1.04636, -1.03191, 1.05265, 1.04353, 1.04237, -1.03428]"
40,"[1, 1, 0, 0, 1, 1, 1, 1]","[1, 0, 0, 0, 1, 1, 1, 1]",,"[0, 0, 1, 0, 1, 1, 1, 0, 1, 0, 0, 1, 0, 0, 0, 1]","[1.69586, 0.76948, -0.68056, 1.5341, -0.39261, -0.85055, -2.40026, 1.09582, -2.00722, 0.08358, 1.71635, -1.01364, 0.78046, 0.3755, 1.66646, -0.5224]","[-1.03332, 1.0536, 1.05295, 1.04086, -1.04446, -1.03293, -1.03395, -1.03527]"
41,"[1, 1, 0, 0, 1, 1, 1, 0]","[1, 1, 0, 0, 1, 1, 1, 0]",,"[1, 1, 0, 0, 0, 0, 0, 1, 0, 0, 1, 0, 1, 1, 1, 0]","[-1.29322, -2.70649, 2.16603, 0.56664, 1.50514, 1.65185, 0.91592, -1.92923, 1.09055, 1.12142, -1.09346, 0.96922, -0.35795, -1.76075, -1.12028, 1.17961]","[-1.03826, -1.04482, 1.05594, 1.04281, -1.03457, -1.03789, -1.03775, 1.04057]"
42,"[1, 1, 0, 0, 1, 1, 0, 1]","[1, 1, 0, 0, 1, 1, 0, 1]",,"[1, 0, 0, 0, 1, 1, 0, 0, 0, 1, 1, 1, 1, 0, 1, 1]","[-0.00485, 0.44046, 1.18844, 0.91495, -0.0316, -1.08316, 1.02012, 0.7587, 1.09538, -1.09945, -1.43238, -1.01013, -1.68826, 2.04068, -1.89829, -0.50128]","[-1.0318, -1.05505, 1.05429, 1.03957, -1.04071, -1.03152, 1.03879, -1.03493]"
43,"[1, 1, 0, 0, 1, 1, 0, 0]","[1, 1, 0, 0, 1, 1, 0, 0]",,"[1, 1, 1, 1, 1, 0, 1, 1, 1, 0, 0, 0, 0, 1, 0, 0]","[-0.35455, -0.79038, -0.03043, -0.65405, -1.61258, 0.34358, -0.23403, -0.35446, -0.92152, 0.43584, 1.36471, 0.85384, 2.17104, -0.02416, 0.9272, 1.55611]","[-1.04091, -1.05381, 1.04805, 1.04528, -1.04746, -1.04179, 1.04343, 1.04319]"
44,"[1, 1, 0, 0, 1, 0, 1, 1]","[1, 1, 0, 0, 1, 0, 1, 1]",,"[1, 1, 1, 0, 0, 0, 1, 0, 0, 0, 0, 1, 1, 1, 0, 1]","[-0.67223, -1.63096, -2.23793, 0.67293, 0.57802, 0.8894, -2.14161, 0.34003, 0.61303, 1.14534, 1.15792, -1.23058, -0.88059, -2.36592, 0.89554, -0.30237]","[-1.03129, -1.04618, 1.05821, 1.04411, -1.03846, 1.04339, -1.03261, -1.03422]"
45,"[1, 1, 0, 0, 1, 0, 1, 0]","[1, 1, 0, 0, 1, 0, 1, 0]",,"[0, 0, 0, 0, 1, 1, 0, 1, 0, 1, 1, 0, 0, 0, 1, 0]","[0.85961, 0.51688, 0.20298, 0.02792, -1.23739, -0.73365, 0.89279, -1.43027, 0.05936, -1.29985, -1.59597, 1.41672, 1.79995, 0.54014, -1.80175, 1.90074]","[-1.04001, -1.04958, 1.05681, 1.04125, -1.04673, 1.04094, -1.03962, 1.04111]"
46,"[1, 1, 0, 0, 1, 0, 0, 1]","[1, 1, 0, 0, 1, 0, 0, 1]",,"[0, 1, 0, 0, 1, 0, 0, 0, 1, 0, 1, 1, 0, 1, 1, 1]","[0.37148, -0.90582, 1.17428, 0.58146, -0.71228, 2.24393, 2.23727, 0.42798, -0.68548, 1.1819, -1.13947, -1.36548, 0.67261, -0.50529, -0.78498, -1.09499]","[-1.03247, -1.04906, 1.05243, 1.04474, -1.03966, 1.04354, 1.04229, -1.03403]"
47,"[1, 1, 0, 0, 1, 0, 0, 0]","[1, 0, 0, 0, 0, 1, 0, 0]",,"[1, 0, 1, 1, 0, 1, 1, 1, 0, 1, 0, 0, 1, 1, 0, 0]","[-0.92179, 1.74083, -0.76358, -2.77729, 1.17278, -1.22539, -1.11262, -0.48628, 0.36399, -1.55415, 0.48162, 0.32338, -1.05857, -0.82211, 0.85713, 1.07175]","[-1.0414, 1.05572, 1.04737, 1.04094, 1.04912, -1.04223, 1.03918, 1.04005]"
48,"[1, 1, 0, 0, 0, 1, 1, 1]","[0, 0, 1, 1, 1, 0, 0, 0]",,"[1, 0, 1, 0, 0, 1, 1, 0, 0, 1, 0, 1, 1, 0, 0, 0]","[-0.51898, 1.14681, -1.78893, 1.56542, 0.46243, -0.36937, -1.18942, 1.85158, 1.52876, -0.88795, 1.14774, -0.97962, -1.31425, 2.02183, 0.00423, 0.6882]","[1.0378, 1.03786, -1.04572, -1.04275, -1.03836, 1.03796, 1.03768, 1.03896]"
49,"[1, 1, 0, 0, 0, 1, 1, 0]","[0, 0, 1, 1, 1, 0, 0, 1]",,"[0, 1, 0, 1, 1, 0, 0, 1, 1, 0, 1, 0, 0, 1, 1, 1]","[1.69326, -1.46008, 1.08699, -0.46617, -0.57972, 0.68893, 1.06701, -0.16198, -0.96342, 0.83582, -0.6173, 1.08629, 1.36802, -2.78348, -0.37876, -0.7841]","[1.04157, 1.04956, -1.04078, -1.03224, -1.03615, 1.04408, 1.04265, -1.03411]"
50,"[1, 1, 0, 0, 0, 1, 0, 1]","[1, 1, 0, 0, 0, 1, 0, 1]",,"[0, 0, 0, 0, 1, 1, 0, 0, 0, 1, 1, 1, 0, 0, 1, 1]","[0.36483, 0.83973, 0.78078, 2.15356, -2.26362, -1.36715, 1.64318, 0.54404, 0.12839, -0.47367, -0.42332, -1.27929, 0.62189, 1.63964, -0.60922, -0.57487]","[-1.03196, -1.05532, 1.05248, 1.03909, 1.04264, -1.0321, 1.03809, -1.03508]"
51,"[1, 1, 0, 0, 0, 1, 0, 0]","[1, 1, 0, 0, 0, 1, 0, 0]",,"[1, 1, 1, 1, 0, 1, 1, 1, 0, 0, 0, 0, 1, 1, 0, 0]","[-0.25271, -1.10765, -1.67648, -0.88618, 0.54515, -0.51661, -0.91244, -1.36975, 1.24254, 0.64967, 1.62955, 1.76135, -1.19194, -1.40099, 0.63025, 1.27127]","[-1.04151, -1.05434, 1.04691, 1.04375, 1.04863, -1.04248, 1.04109, 1.04136]"
52,"[1, 1, 0, 0, 0, 0, 1, 1]","[1, 1, 0, 0, 0, 0, 1, 1]",,"[0, 1, 1, 0, 1, 0, 1, 0, 1, 0, 0, 1, 0, 1, 0, 1]","[0.64358, -0.90543, -0.40448, 0.77698, -2.38372, 1.39192, -0.56601, 0.78676, -2.26876, 1.62163, 1.27266, -2.82659, 1.87259, -0.59447, 0.9035, -1.89934]","[-1.03128, -1.04679, 1.05812, 1.04457, 1.04896, 1.04404, -1.03275, -1.03428]"
53,"[1, 1, 0, 0, 0, 0, 1, 0]","[1, 1, 0, 0, 0, 0, 1, 0]",,"[1, 0, 0, 1, 0, 1, 0, 1, 0, 1, 1, 0, 1, 0, 1, 0]","[-1.08797, 0.77216, 1.75293, -0.97816, 2.51182, -2.01723, 1.36459, -1.20754, 1.53472, -1.18645, -0.81938, 0.99042, -0.94555, 1.2042, -1.95551, 1.80501]","[-1.03967, -1.04957, 1.05684, 1.04195, 1.05435, 1.0417, -1.03966, 1.04157]"
54,"[1, 1, 0, 0, 0, 0, 0, 1]","[1, 1, 1, 0, 0, 0, 1, 1]",,"[1, 1, 0, 0, 1, 0, 0, 0, 0, 0, 1, 1, 0, 1, 0, 1]","[-1.40086, -1.32867, 1.34234, 2.27538, -0.33182, 1.08073, 0.79301, 1.05672, 1.27503, 0.18106, -0.79001, -1.34864, 0.03231, -1.10258, 0.21646, -2.08371]","[-1.0318, -1.04717, -1.03673, 1.04395, 1.0459, 1.04451, -1.03321, -1.03458]"
55,"[1, 1, 0, 0, 0, 0, 0, 0]","[0, 1, 0, 0, 1, 0, 0, 0]",,"[0, 0, 0, 1, 1, 1, 1, 0, 1, 1, 0, 0, 1, 0, 0, 0]","[1.13612, 0.75765, 0.15309, -0.97717, -2.43863, -1.0173, -0.37104, 0.15853, -1.50337, -1.56775, 0.55211, 1.09843, -0.03781, 1.10697, 2.31399, 0.52882]","[1.03769, -1.04879, 1.04274, 1.0381, -1.0414, 1.03802, 1.03827, 1.0389]"
56,"[1, 0, 1, 1, 1, 1, 0, 1]","[0, 0, 0, 1, 0, 1, 1, 1]",,"[0, 0, 0, 1, 0, 1, 0, 1, 1, 1, 1, 0, 1, 0, 0, 1]","[0.7999, 1.03834, 1.10391, -2.85352, 0.46871, -0.47089, 1.66213, -0.30082, -1.41776, -0.2762, -1.04043, 1.43246, -1.05402, 1.15322, 0.25651, -1.49607]","[1.03972, 1.04795, 1.05305, -1.03141, 1.05276, -1.03227, -1.03329, -1.0335]"
57,"[1, 0, 1, 1, 1, 1, 0, 0]","[1, 1, 0, 0, 1, 1, 0, 0]",,"[1, 1, 1, 0, 0, 0, 1, 1, 0, 0, 0, 0, 0, 1, 0, 0]","[-1.52195, -1.07213, -0.95085, 0.74976, 0.13186, 0.34713, -0.81863, -1.16481, 1.1203, 1.76165, 1.54619, 0.21331, 0.50569, -0.77091, 0.60346, 0.34912]","[-1.04126, -1.055, 1.04661, 1.04038, -1.04791, -1.04219, 1.03897, 1.03999]"
58,"[1, 0, 1, 1, 1, 0, 1, 1]","[1, 0, 1, 1, 1, 0, 1, 1]",,"[0, 1, 1, 1, 1, 0, 1, 0, 1, 0, 0, 0, 1, 1, 0, 1]","[1.18954, -0.51898, -0.56613, -0.57289, -0.49112, 2.17727, -1.97547, 0.56607, -0.99546, 0.86205, 2.82379, 0.97155, -1.02063, -0.95154, 0.89784, -0.4288]","[-1.03123, 1.05256, -1.03745, -1.03173, -1.04215, 1.04269, -1.03241, -1.03402]"
59,"[1, 0, 1, 1, 1, 0, 1, 0]","[1, 0, 1, 1, 1, 0, 1, 0]",,"[0, 0, 0, 0, 0, 1, 0, 1, 0, 1, 1, 1, 0, 0, 1, 0]","[0.26116, 0.81402, 1.54051, 1.95039, 0.40927, -0.39695, 0.30588, -0.76656, 0.51868, -0.8783, -0.38396, -1.89899, 0.14531, 0.57332, -1.5447, 0.59455]","[-1.03988, 1.04257, -1.05742, -1.04154, -1.04815, 1.0403, -1.03973, 1.04079]"
60,"[1, 0, 1, 1, 1, 0, 0, 0]","[1, 0, 1, 1, 1, 0, 0, 0]",,"[0, 0, 1, 0, 0, 1, 1, 1, 1, 1, 0, 1, 1, 0, 0, 0]","[0.89438, 1.7863, -1.66805, 1.24702, 1.93258, -0.79393, -0.5166, -1.5671, -1.54086, -1.56515, 0.55344, -0.82731, -2.02279, 2.0493, 0.60577, 1.54314]","[-1.04045, 1.0376, -1.04696, -1.04278, -1.04105, 1.03812, 1.03831, 1.03884]"
61,"[1, 0, 1, 1, 0, 1, 1, 1]","[1, 0, 1, 1, 0, 1, 1, 1]",,"[0, 0, 0, 1, 0, 1, 1, 0, 0, 1, 0, 0, 1, 0, 0, 1]","[0.94914, 1.83882, 0.08006, -1.34279, 1.79233, -0.62157, -1.37836, 1.0102, 0.3941, -2.50411, 1.33391, 1.1645, -0.03711, 0.68732, 1.43298, -2.32865]","[-1.03282, 1.04802, -1.03661, -1.03159, 1.05326, -1.03246, -1.0336, -1.03364]"
62,"[1, 0, 1, 1, 0, 1, 1, 0]","[1, 0, 0, 0, 0, 1, 1, 0]",,"[1, 0, 0, 0, 1, 0, 0, 1, 0, 1, 1, 0, 0, 1, 1, 0]","[-1.36389, 0.27905, 0.43787, 0.57835, -0.25207, 1.90415, 1.462, -0.50525, 1.1621, -0.15979, -0.80628, 0.23108, 1.5285, -0.61254, -0.4361, 0.87441]","[-1.03755, 1.05056, 1.05629, 1.04255, 1.05334, -1.03702, -1.03695, 1.04102]"
63,"[1, 0, 1, 1, 0, 1, 0, 1]","[1, 0, 1, 1, 0, 1, 0, 1]",,"[1, 0, 0, 1, 1, 1, 0, 0, 0, 1, 1, 0, 0, 0, 1, 1]","[-1.25122, 0.94878, 0.45947, -0.73544, -0.38022, -3.14742, 2.08276, 0.95233, 0.0208, -1.6544, -1.41299, 0.17281, 0.46643, 1.4501, -1.15874, -2.33199]","[-1.03266, 1.04898, -1.0515, -1.03265, 1.0411, -1.03242, 1.03846, -1.03547]"
64,"[1, 0, 1, 1, 0, 1, 0, 0]","[0, 0, 0, 1, 1, 1, 0, 0]",,"[0, 1, 1, 0, 0, 0, 1, 0, 1, 0, 1, 1, 0, 1, 0, 0]","[1.35263, -0.2805, -1.19249, 1.56372, 0.65436, 0.25744, -1.00413, 2.103, -1.90379, 1.14719, -0.33937, -1.03471, 0.00499, -1.31937, 0.95778, 0.37905]","[1.0387, 1.05179, 1.04169, -1.04454, -1.04763, -1.04285, 1.03864, 1.03977]"
65,"[1, 0, 1, 1, 0, 0, 1, 1]","[1, 0, 1, 1, 0, 0, 1, 1]",,"[1, 1, 1, 1, 1, 1, 1, 0, 0, 0, 0, 0, 0, 1, 0, 1]","[-0.97079, -1.90711, -0.87175, -1.39369, -2.23045, -0.23762, -0.56747, 1.73985, 0.98041, 1.98517, 0.54391, 0.4733, 0.8865, -1.73729, 1.36276, -2.88092]","[-1.03163, 1.05402, -1.03669, -1.0317, 1.0505, 1.04353, -1.03283, -1.03418]"
66,"[1, 0, 1, 1, 0, 0, 1, 0]","[1, 1, 1, 0, 0, 0, 1, 0]",,"[0, 0, 0, 0, 0, 1, 0, 1, 0, 1, 0, 0, 1, 0, 1, 0]","[0.22357, 0.56913, 0.49446, 0.55087, 0.98821, -0.63495, 1.3528, -0.20472, 0.37797, -1.36176, 0.17451, 0.23615, -0.46807, 1.39116, -0.90845, 0.76368]","[-1.03978, -1.05145, -1.04596, 1.04069, 1.05164, 1.04042, -1.0397, 1.04088]"
67,"[1, 0, 1, 1, 0, 0, 0, 1]","[1, 1, 0, 0, 1, 1, 1, 0]",,"[1, 1, 0, 1, 0, 0, 0, 1, 1, 0, 1, 0, 1, 1, 1, 0]","[-0.08796, -1.25877, 1.06008, -1.92438, 1.33091, 0.71621, 0.68672, -0.00417, -1.71864, 1.2405, -0.84184, 1.62236, -1.88572, -1.1476, -1.04257, 0.16261]","[-1.03675, -1.04301, 1.0563, 1.04468, -1.03576, -1.03747, -1.03772, 1.04107]"
68,"[1, 0, 1, 0, 1, 1, 1, 1]","[1, 0, 1, 0, 1, 1, 1, 1]",,"[0, 1, 0, 0, 1, 1, 1, 0, 1, 0, 1, 1, 0, 0, 0, 1]","[1.60922, -1.91114, 1.35587, 2.20584, -1.63173, -1.43894, -0.30406, 1.29401, -0.88082, 0.80881, -0.5846, -1.19405, 0.3877, 1.14415, 0.76791, -1.01676]","[-1.03329, 1.05365, -1.0425, 1.04049, -1.04363, -1.03291, -1.03393, -1.03518]"
69,"[1, 0, 1, 0, 1, 1, 1, 0]","[1, 0, 1, 0, 1, 1, 1, 0]",,"[1, 0, 1, 1, 0, 0, 0, 1, 0, 1, 0, 0, 1, 1, 1, 0]","[-1.55465, 0.57296, -0.8367, -0.00308, 1.02913, 0.62009, 1.62043, -0.67616, 1.69432, -0.30902, 0.02668, 1.41591, -1.40572, -1.08474, -2.70397, 0.57859]","[-1.03834, 1.05053, -1.04251, 1.04411, -1.03486, -1.03809, -1.03792, 1.04109]"
70,"[1, 0, 1, 0, 1, 0, 1, 1]","[1, 0, 1, 0, 1, 0, 1, 1]",,"[1, 0, 0, 1, 0, 0, 1, 0, 1, 1, 1, 1, 1, 1, 0, 1]","[-0.87432, 1.25643, 1.84631, -0.90429, 0.30211, 0.91265, -0.67174, 1.39587, -0.451, -1.3477, -1.82297, -0.90868, -0.44761, -1.63129, 1.08141, -1.57159]","[-1.03125, 1.05218, -1.04433, 1.04433, -1.04314, 1.04332, -1.03275, -1.0344]"
71,"[1, 0, 1, 0, 1, 0, 1, 0]","[1, 1, 1, 0, 0, 0, 1, 0]",,"[0, 1, 0, 1, 1, 1, 0, 1, 1, 1, 0, 0, 1, 0, 1, 0]","[0.79465, -0.69959, 0.12685, -1.63127, -2.39308, -1.13903, 0.52402, -0.91446, -2.1013, -0.17561, 1.89686, 0.29952, -0.14916, 0.82007, -2.02076, 2.14027]","[-1.03982, -1.04766, -1.03904, 1.04324, 1.05654, 1.0441, -1.03968, 1.04267]"
72,"[1, 0, 1, 0, 1, 0, 0, 1]","[1, 0, 1, 0, 1, 0, 0, 1]",,"[0, 0, 1, 0, 1, 0, 0, 0, 1, 1, 0, 1, 0, 1, 1, 1]","[1.68709, 0.88495, -0.73254, 0.41918, -1.59102, 0.76263, 0.3764, 1.44092, -0.87907, -0.3813, 1.19851, -0.43864, 0.54409, -0.37437, -1.38684, -1.36389]","[-1.03277, 1.05205, -1.05145, 1.04503, -1.04087, 1.04366, 1.04236, -1.03413]"
73,"[1, 0, 1, 0, 1, 0, 0, 0]","[1, 0, 1, 0, 1, 0, 0, 0]",,"[1, 1, 1, 1, 0, 1, 1, 1, 0, 0, 1, 0, 1, 0, 0, 0]","[-1.26387, -1.13712, -0.17654, -0.53605, 1.13695, -1.40962, -1.84462, -0.77224, 0.78955, 1.42217, -2.32409, 0.11745, -0.24228, 1.6496, 1.16361, 0.50656]","[-1.04099, 1.04375, -1.0501, 1.04016, -1.04061, 1.03869, 1.03902, 1.04048]"
74,"[1, 0, 1, 0, 0, 1, 1, 1]","[1, 0, 1, 0, 1, 1, 1, 1]",,"[1, 1, 0, 0, 0, 1, 1, 0, 0, 0, 1, 1, 0, 0, 0, 1]","[-1.2969, -1.3988, 0.5539, 0.71899, 1.66813, -1.59984, -0.57969, 1.05998, 1.06394, 1.3706, -1.49901, -2.59637, 0.05882, 0.51144, 1.98534, -0.21909]","[-1.03329, 1.05348, -1.04341, 1.04084, -1.04529, -1.03291, -1.03399, -1.03556]"
75,"[1, 0, 1, 0, 0, 1, 1, 0]","[1, 1, 1, 0, 0, 1, 1, 0]",,"[0, 0, 1, 1, 1, 0, 0, 1, 1, 0, 0, 0, 0, 1, 1, 0]","[1.57547, 2.20141, -0.11828, -0.37401, -0.23266, 0.67282, 1.96752, -1.06847, -1.03311, 0.0006, 1.89985, 2.26602, 1.50298, -1.11877, -1.96062, 2.16676]","[-1.03707, -0.16372, -1.03404, 1.04425, 1.02309, -1.03651, -1.03653, 1.04215]"
76,"[1, 0, 1, 0, 0, 1, 0, 1]","[1, 1, 1, 0, 0, 1, 0, 1]",,"[0, 1, 1, 0, 1, 1, 0, 0, 1, 1, 0, 1, 0, 0, 1, 1]","[0.13691, -1.71944, -0.36542, 1.98401, -1.64137, -1.83647, 1.52904, 1.69646, -1.20245, -0.04627, 0.37853, -0.95189, 1.12708, 0.07538, -1.73476, -0.14196]","[-1.03229, -1.05593, -1.046, 1.0395, 1.04056, -1.03203, 1.03825, -1.03527]"
77,"[1, 0, 1, 0, 0, 1, 0, 0]","[1, 0, 1, 0, 0, 1, 0, 0]",,"[1, 0, 0, 1, 0, 0, 1, 1, 0, 1, 1, 0, 1, 1, 0, 0]","[-1.38339, 0.15754, 2.19551, -1.05523, 0.46702, 0.8369, -0.24739, -0.84949, 2.49892, -0.60249, -1.04679, 0.01264, -2.15822, -1.20616, 1.5084, 1.33681]","[-1.04169, 1.0558, -1.0506, 1.03924, 1.04813, -1.04242, 1.03823, 1.0396]"
78,"[1, 0, 1, 0, 0, 0, 1, 1]","[1, 0, 1, 0, 0, 0, 1, 1]",,"[0, 0, 0, 1, 1, 0, 1, 0, 1, 1, 1, 1, 0, 1, 0, 1]","[1.82568, 0.84777, 0.05043, -0.13212, -0.00167, 0.88873, -1.96221, 3.01749, -1.50272, -1.54696, -1.72692, -1.00919, 2.25751, -2.17073, 0.92321, -0.80162]","[-1.03082, 1.05221, -1.04398, 1.04492, 1.04933, 1.04439, -1.03228, -1.03408]"
79,"[1, 0, 1, 0, 0, 0, 0, 1]","[1, 0, 0, 0, 0, 0, 0, 1]",,"[1, 1, 0, 0, 0, 0, 0, 0, 0, 1, 1, 1, 1, 1, 1, 1]","[-0.35613, -0.19853, 0.49717, 1.26998, 1.62472, 0.5511, 0.1273, 1.55045, 1.46982, -0.36093, -0.43335, -1.80102, -0.74291, -2.00823, -2.02983, -1.38983]","[-1.03413, 1.05222, 1.05116, 1.04475, 1.05162, 1.04301, 1.04196, -1.03435]"
80,"[1, 0, 0, 1, 1, 1, 1, 0]","[1, 0, 0, 1, 1, 1, 1, 0]",,"[1, 1, 1, 0, 0, 0, 0, 1, 0, 0, 0, 1, 1, 1, 1, 0]","[-1.34093, -1.468, -0.44224, 1.67489, 1.02831, 1.07954, 0.78693, -1.11869, 1.17167, 0.64933, 1.03504, -0.89973, -0.51778, -0.57417, -0.66099, 0.36678]","[-1.03827, 1.05233, 1.0523, -1.03836, -1.03771, -1.03824, -1.03783, 1.04086]"
81,"[1, 0, 0, 1, 1, 1, 0, 0]","[1, 0, 0, 1, 1, 1, 0, 0]",,"[0, 1, 0, 0, 1, 0, 1, 1, 1, 0, 1, 1, 0, 1, 0, 0]","[1.03143, -1.86882, 0.49108, 1.33272, -1.01204, 1.79592, -0.87716, -1.16955, -0.98235, 1.57697, -0.30731, -1.70823, 0.06533, -0.7707, 1.11173, 0.36905]","[-1.04125, 1.05189, 1.04445, -1.04428, -1.04585, -1.04215, 1.03909, 1.04008]"
82,"[1, 0, 0, 1, 1, 0, 1, 0]","[1, 0, 0, 1, 1, 0, 1, 0]",,"[0, 0, 1, 0, 1, 1, 0, 1, 1, 1, 0, 1, 0, 0, 1, 0]","[0.90887, 1.98119, -0.38478, 1.6972, -1.35383, -1.98512, 1.33262, -0.69021, -0.17095, -1.70583, 1.63326, -0.8857, 0.42148, 1.02341, -1.83818, 0.96818]","[-1.03991, 1.04785, 1.05464, -1.04131, -1.04756, 1.04163, -1.03966, 1.04154]"
83,"[1, 0, 0, 1, 1, 0, 0, 1]","[1, 0, 0, 1, 1, 0, 0, 1]",,"[0, 1, 1, 0, 1, 0, 0, 0, 1, 0, 0, 0, 0, 1, 1, 1]","[0.79859, -0.88656, -1.46099, 0.5052, -1.31552, 1.06792, 0.7658, 1.46317, -1.79253, 0.47797, 0.26265, 1.2966, 1.33865, -1.48375, -0.98892, -1.05189]","[-1.03235, 1.0501, 1.05188, -1.03212, -1.03449, 1.044, 1.04264, -1.03403]"
84,"[1, 0, 0, 1, 1, 0, 0, 0]","[1, 0, 0, 1, 1, 0, 0, 0]",,"[1, 0, 0, 0, 0, 1, 1, 1, 0, 1, 1, 1, 1, 0, 0, 0]","[-1.08289, 1.31391, 1.57823, 1.19721, 0.21856, -1.20546, -1.50648, -2.4332, 1.3118, -1.18925, -0.09524, -0.66401, -2.84115, 0.50832, 1.8088, 0.30148]","[-1.04022, 1.03875, 1.03649, -1.04263, -1.0395, 1.03809, 1.03828, 1.03887]"
85,"[1, 0, 0, 1, 0, 1, 0, 1]","[1, 0, 0, 1, 0, 1, 0, 1]",,"[0, 0, 1, 1, 1, 1, 0, 0, 1, 1, 0, 0, 0, 0, 1, 1]","[1.08352, 0.12415, -1.10383, -1.41626, -0.66733, -0.15599, 1.29671, 0.83029, -0.18772, -1.79625, 2.71433, 1.9904, 1.63806, 1.02365, -1.58059, -1.55218]","[-1.03271, 1.049, 1.05188, -1.03264, 1.03984, -1.03252, 1.03847, -1.03541]"
86,"[1, 0, 0, 1, 0, 0, 1, 1]","[1, 0, 1, 1, 1, 0, 0, 1]",,"[0, 1, 1, 1, 0, 1, 1, 0, 1, 0, 1, 0, 0, 1, 1, 1]","[1.52609, -0.91776, -0.65998, -1.9668, 0.31964, -0.07254, -0.63615, 1.11739, -0.66089, 0.79602, -0.65095, 0.51973, 0.00989, -1.28052, -0.12617, -1.43691]","[-1.03235, 1.0502, -1.04023, -1.0322, -1.0352, 1.04392, 1.04256, -1.03413]"
87,"[1, 0, 0, 1, 0, 0, 1, 0]","[1, 1, 0, 1, 1, 1, 1, 0]",,"[1, 0, 1, 0, 0, 1, 0, 1, 1, 1, 0, 1, 1, 1, 1, 0]","[-0.61352, 1.37673, -1.34686, 1.5496, 0.49976, -1.53965, 0.63657, -0.74895, -0.0275, -0.39603, 0.85928, -0.75996, -0.32796, -1.0118, -0.89521, 0.52673]","[-1.03771, -1.0408, 1.05276, -1.03733, -1.03876, -1.03727, -1.03754, 1.04063]"
88,"[1, 0, 0, 1, 0, 0, 0, 1]","[0, 0, 1, 1, 0, 0, 0, 1]",,"[1, 1, 1, 0, 0, 0, 0, 1, 0, 0, 1, 0, 1, 1, 1, 1]","[-1.58479, -2.11818, -0.95437, 0.40884, 2.24448, 0.73501, 0.90524, -0.17, 1.17124, 0.49481, -0.59318, 0.56688, -1.31106, -1.38374, -2.44285, -0.04845]","[1.04132, 1.049, -1.03935, -1.03177, 1.05334, 1.0438, 1.04243, -1.03433]"
89,"[1, 0, 0, 0, 1, 1, 0, 1]","[1, 1, 0, 0, 1, 1, 0, 1]",,"[0, 1, 0, 0, 0, 1, 0, 0, 1, 1, 1, 1, 1, 0, 1, 1]","[1.44299, -1.04451, 1.69964, 1.93953, 0.931, -1.05667, 1.4575, 1.35704, -1.90309, -0.04941, -0.9348, -0.34056, -0.58488, 2.15674, -0.41228, -0.90784]","[-1.03139, -1.05384, 1.05471, 1.03953, -1.04131, -1.03184, 1.03879, -1.03447]"
90,"[1, 0, 0, 0, 1, 1, 0, 0]","[1, 0, 1, 0, 1, 1, 0, 0]",,"[1, 0, 0, 1, 1, 0, 1, 1, 0, 1, 1, 0, 0, 1, 0, 0]","[-0.88257, 1.15718, 0.11677, -1.14008, -1.19712, 0.68479, -0.33566, -1.17604, 1.27669, -0.21242, -0.4002, 0.68085, 1.53177, -0.93668, 1.9989, 1.37039]","[-1.04095, 1.05585, -1.0501, 1.0401, -1.04419, -1.04176, 1.03922, 1.04003]"
91,"[1, 0, 0, 0, 1, 0, 1, 1]","[1, 0, 0, 0, 1, 0, 1, 1]",,"[0, 0, 1, 0, 0, 0, 1, 0, 1, 1, 0, 1, 1, 1, 0, 1]","[0.55114, 0.49842, -1.61561, 1.34864, 0.0069, 1.96272, -1.30556, 1.40286, -1.51423, -1.23378, 2.16377, -1.10002, -1.60992, -0.78345, 1.69567, -1.10876]","[-1.03116, 1.04997, 1.05767, 1.04468, -1.042, 1.04333, -1.03291, -1.03394]"
92,"[1, 0, 0, 0, 1, 0, 1, 0]","[1, 0, 0, 0, 1, 0, 1, 0]",,"[1, 1, 1, 1, 1, 1, 0, 1, 0, 0, 1, 0, 0, 0, 1, 0]","[-0.45121, -1.57657, -0.12601, -1.47881, -1.88156, -1.44587, 0.6243, -0.58892, 1.20183, 1.77699, -1.37137, 2.23503, 0.9312, 1.29079, -1.82251, 0.23367]","[-1.04001, 1.05708, 1.05833, 1.05468, -1.04605, 1.05901, -1.03962, 1.05482]"
93,"[1, 0, 0, 0, 1, 0, 0, 1]","[0, 1, 1, 1, 1, 1, 1, 0]",,"[0, 0, 0, 0, 1, 0, 0, 0, 0, 1, 1, 1, 1, 1, 1, 0]","[0.69075, 1.61423, 0.42509, 1.60257, -0.6932, 0.93771, 1.23972, 1.52632, 0.35157, -1.42025, -1.38647, -0.30158, -0.12516, -2.49774, -0.60417, 0.66416]","[1.03858, -1.04342, -1.04172, -1.03862, -1.03325, -1.03835, -1.0378, 1.04052]"
94,"[1, 0, 0, 0, 1, 0, 0, 0]","[1, 0, 0, 0, 1, 0, 0, 0]",,"[0, 0, 1, 1, 0, 1, 1, 1, 1, 0, 0, 0, 1, 0, 0, 0]","[0.6357, 0.5263, -0.51319, -0.50244, 2.07779, -0.04151, -0.65866, -0.47442, -1.04265, 2.13139, 0.15609, 0.7817, -0.20032, 0.21945, 1.68529, 0.51784]","[-1.04089, 1.04388, 1.04253, 1.03808, -1.04157, 1.03777, 1.03806, 1.03876]"
95,"[1, 0, 0, 0, 0, 1, 1, 0]","[1, 1, 0, 0, 0, 1, 1, 0]",,"[0, 0, 0, 1, 1, 0, 0, 1, 0, 0, 1, 0, 0, 1, 1, 0]","[0.03003, 0.95763, 1.31334, -0.68492, -0.52089, 1.20123, 1.39445, -1.06697, 1.86483, 0.09136, -0.23055, 1.24078, 2.14321, -0.18686, -0.97495, 1.60261]","[-1.03771, -1.04452, 1.0563, 1.04252, 1.05333, -1.03725, -1.03705, 1.04114]"
96,"[1, 0, 0, 0, 0, 1, 0, 1]","[1, 0, 0, 0, 0, 1, 0, 1]",,"[1, 1, 0, 0, 1, 1, 0, 0, 0, 0, 1, 1, 0, 0, 1, 1]","[-1.06822, -1.56227, 0.20596, 0.6936, -1.50741, -1.45905, 0.09321, 0.80316, 1.9644, 0.82467, -0.75952, -2.28041, 0.68202, 1.60502, -0.95334, -1.6113]","[-1.03233, 1.05905, 1.05178, 1.03939, 1.04256, -1.03211, 1.03822, -1.03531]"
97,"[1, 0, 0, 0, 0, 1, 0, 0]","[1, 0, 0, 0, 0, 1, 0, 0]",,"[0, 0, 1, 0, 0, 0, 0, 1, 1, 1, 0, 0, 1, 1, 0, 0]","[0.36101, 0.66396, -0.82651, 0.25877, 0.40971, 2.00361, 0.04122, -1.06869, -1.28862, -1.10606, 1.2514, 1.23614, -0.51831, -1.39965, 1.21745, 0.91672]","[-1.0421, 1.0546, 1.04602, 1.03916, 1.04577, -1.04301, 1.03829, 1.03983]"
98,"[1, 0, 0, 0, 0, 0, 1, 1]","[1, 0, 0, 0, 0, 0, 1, 1]",,"[1, 0, 1, 0, 1, 1, 1, 0, 0, 1, 0, 1, 0, 1, 0, 1]","[-1.80865, 1.39886, -2.58864, 0.39741, -0.24315, -0.14309, -1.35845, 1.04006, 0.52951, -1.75501, 0.81209, -0.33852, 0.2709, -0.98111, 1.19863, -1.37347]","[-1.03147, 1.05158, 1.05822, 1.04472, 1.04904, 1.04414, -1.03286, -1.03442]"
99,"[1, 0, 0, 0, 0, 0, 1, 0]","[1, 1, 0, 0, 0, 0, 1, 0]",,"[0, 1, 0, 1, 0, 1, 0, 1, 1, 1, 1, 0, 1, 0, 1, 0]","[0.37274, -0.64273, 1.79601, -1.66169, 1.43177, -1.29314, 0.80936, -0.83368, -0.38118, -0.0226, -1.91074, 0.44362, -1.80372, 1.0161, -0.35747, 2.25268]","[-1.03967, -1.0485, 1.05727, 1.04257, 1.05628, 1.04258, -1.03967, 1.04204]"
100,"[1, 0, 0, 0, 0, 0, 0, 1]","[1, 0, 0, 0, 0, 0, 0, 1]",,"[0, 0, 0, 0, 0, 0, 0, 0, 1, 1, 1, 1, 1, 1, 1, 1]","[0.65521, 0.55242, 2.02369, 1.7215, 0.88082, 1.57973, 1.21299, 0.52665, -1.19486, -0.0356, -0.926, -0.19617, -0.4189, -0.78732, -1.05695, -0.9682]","[-1.05258, 1.05262, 1.05148, 1.04534, 1.05109, 1.04336, 1.04208, -1.04611]"
101,"[1, 0, 0, 0, 0, 0, 0, 0]","[1, 1, 0, 0, 1, 1, 0, 0]",,"[1, 1, 1, 1, 1, 1, 1, 1, 0, 0, 0, 0, 0, 1, 0, 0]","[-1.02069, -1.43943, -2.57882, -1.26226, -1.7774, -1.07592, -0.38382, -2.12524, 1.76898, 1.12396, 1.3112, 1.74511, 0.82946, -0.26369, 1.94791, 1.05539]","[-1.04076, -1.05392, 1.04801, 1.04606, -1.04764, -1.04167, 1.04454, 1.04388]"
102,"[0, 1, 1, 1, 1, 1, 1, 1]","[0, 1, 1, 1, 1, 1, 1, 1]",,"[1, 0, 0, 0, 0, 0, 0, 1, 1, 0, 0, 0, 0, 0, 0, 1]","[-1.32213, 0.04757, 0.97791, 0.86944, 1.53426, 0.38251, 1.15705, -0.18457, -1.53284, 1.13906, 1.14557, 0.8832, 1.11548, 0.0145, 0.37638, -1.84943]","[1.04096, -1.04163, -1.0367, -1.03465, -1.04444, -1.03374, -1.03421, -1.03497]"
103,"[0, 1, 1, 1, 1, 1, 0, 1]","[0, 0, 0, 0, 0, 0, 1, 0]",,"[0, 0, 1, 0, 1, 0, 1, 0, 0, 0, 1, 0, 1, 0, 1, 0]","[0.28763, 0.44565, -0.97109, 0.22715, -0.64871, 1.77671, -1.6913, 0.08522, 2.2769, 0.94034, -1.60634, 0.57724, -0.0999, 0.13556, -0.88009, 0.82196]","[1.04044, 1.05208, 1.05648, 1.04159, 1.05285, 1.04089, -1.03975, 1.04125]"
104,"[0, 1, 1, 1, 1, 1, 0, 0]","[1, 0, 1, 1, 0, 0, 0, 0]",,"[1, 1, 0, 1, 0, 1, 0, 1, 1, 1, 0, 1, 0, 0, 0, 0]","[-1.57701, -1.54222, 1.33128, -0.92701, 2.4522, -0.4602, 1.47697, -0.23281, -1.49152, -1.51109, 0.96002, -2.42664, 0.88951, 0.66698, 0.03881, 1.95476]","[-1.04143, 1.03706, -1.04689, -1.04271, 1.03774, 1.03829, 1.03863, 1.03946]"
105,"[0, 1, 1, 1, 1, 0, 1, 1]","[0, 1, 0, 1, 1, 0, 1, 1]",,"[0, 1, 0, 0, 1, 1, 0, 1, 0, 1, 1, 0, 1, 1, 0, 1]","[1.87178, -1.21216, 1.6411, 0.40915, -0.19331, -1.08383, 0.71591, -2.19496, 1.41346, -0.70913, -0.44062, 1.51329, -0.80414, -1.15435, 1.33953, -1.3675]","[1.04098, -1.05468, 1.0543, -1.03107, -1.04326, 1.04283, -1.03261, -1.0341]"
106,"[0, 1, 1, 1, 1, 0, 1, 0]","[0, 1, 0, 1, 1, 0, 1, 0]",,"[1, 0, 1, 1, 0, 0, 1, 0, 0, 0, 0, 1, 0, 0, 1, 0]","[-1.13903, 1.20002, -1.13144, -0.4096, 0.06053, 0.46225, -1.33605, 0.62653, 1.05615, 0.7766, 0.10283, -0.73039, 1.29562, 1.05545, -0.42898, 2.48194]","[1.0406, -1.05136, 1.05349, -1.04139, -1.04855, 1.04071, -1.03958, 1.04136]"
107,"[0, 1, 1, 1, 1, 0, 0, 1]","[0, 1, 1, 1, 0, 0, 0, 1]",,"[1, 1, 1, 0, 1, 1, 1, 1, 1, 1, 1, 0, 1, 1, 1, 1]","[-1.02386, -1.19258, -1.17818, 0.63912, -0.36807, -0.31046, -1.48713, -1.04263, -1.16586, -2.16933, -2.34927, 2.32967, -0.41705, -0.86694, -0.6215, -0.72831]","[1.0412, -1.04432, -1.03894, -1.03166, 1.0572, 1.04356, 1.04237, -1.03409]"
108,"[0, 1, 1, 1, 0, 1, 0, 1]","[0, 0, 1, 1, 0, 1, 0, 1]",,"[1, 0, 1, 0, 0, 0, 1, 1, 0, 1, 1, 0, 0, 0, 1, 1]","[-2.1692, 1.0122, -0.59082, 0.96041, 0.95504, 0.95632, -1.51818, -0.11322, 0.15048, -0.00812, -0.6669, 0.4374, 0.54159, 1.99107, -2.22193, -0.56037]","[1.03716, 1.04897, -1.05189, -1.03363, 1.04186, -1.03273, 1.03836, -1.03569]"
109,"[0, 1, 1, 1, 0, 0, 1, 1]","[0, 1, 0, 1, 1, 0, 0, 1]",,"[1, 1, 0, 0, 0, 1, 0, 1, 1, 1, 0, 0, 0, 1, 1, 1]","[-0.48247, -0.78828, 0.7686, 1.11543, 0.38205, -1.9834, 0.59707, -1.14307, -0.66935, -1.0491, 0.42901, 0.97224, 0.31556, -1.5196, -0.66628, -0.60112]","[1.04183, -1.04439, 1.05112, -1.03129, -1.03756, 1.04432, 1.04278, -1.03375]"
110,"[0, 1, 1, 1, 0, 0, 1, 0]","[0, 1, 1, 1, 0, 0, 1, 0]",,"[0, 0, 1, 1, 1, 0, 1, 0, 0, 0, 1, 1, 1, 0, 1, 0]","[0.93091, 0.00638, -0.7643, -1.57431, -0.67856, 1.10014, -1.35481, 0.16035, 1.97059, 1.71373, -1.84143, -0.78476, -1.55174, 1.02178, -0.69718, 1.12875]","[1.04174, -1.05114, -1.051, -1.04128, 1.05375, 1.04155, -1.03982, 1.04165]"
111,"[0, 1, 1, 1, 0, 0, 0, 1]","[0, 0, 0, 0, 0, 0, 0, 1]",,"[0, 0, 1, 0, 1, 1, 1, 1, 0, 1, 1, 1, 1, 1, 1, 1]","[0.67425, 0.07196, -2.29542, 1.96001, -1.21807, -1.10642, -0.11617, -1.11773, 0.88715, -1.58084, -0.45569, -0.03775, -1.93786, -1.02094, -1.18899, -0.99575]","[1.04068, 1.05229, 1.0517, 1.04493, 1.05285, 1.04313, 1.04209, -1.03411]"
112,"[0, 1, 1, 1, 0, 0, 0, 0]","[0, 1, 1, 1, 0, 0, 0, 0]",,"[1, 0, 0, 1, 0, 0, 0, 0, 1, 0, 0, 1, 0, 0, 0, 0]","[-2.47155, 0.77456, 1.71555, -0.91837, 0.56865, 0.99895, 0.01061, 1.31643, -1.42737, 0.60006, 1.03683, -1.8888, 0.56567, 0.58133, 0.44837, 1.55621]","[1.03764, -1.04523, -1.04542, -1.04293, 1.04417, 1.03785, 1.03817, 1.03884]"
113,"[0, 1, 1, 0, 1, 1, 1, 1]","[0, 0, 0, 1, 1, 1, 1, 1]",,"[1, 1, 1, 1, 0, 0, 0, 1, 0, 1, 1, 0, 0, 0, 0, 1]","[-0.04394, -1.02405, -1.80604, -2.30248, 0.50393, 1.7225, 0.90202, -0.98281, 0.20307, -1.38121, -1.38562, 0.05323, 1.00552, 0.66972, 1.5807, -0.93395]","[1.04054, 1.04852, 1.05232, -1.03191, -1.04502, -1.03308, -1.03361, -1.03518]"
114,"[0, 1, 1, 0, 1, 1, 1, 0]","[0, 1, 0, 0, 1, 1, 1, 0]",,"[1, 0, 0, 0, 1, 0, 1, 0, 0, 0, 1, 0, 1, 1, 1, 0]","[-1.57674, 0.80592, 2.72061, 1.52436, -1.46945, 0.19327, -1.65588, 0.39508, 0.62554, 1.2783, -0.31108, 1.14124, -2.52656, -0.63886, -1.67371, 1.47516]","[1.03906, -1.04441, 1.05621, 1.04241, -1.03455, -1.03793, -1.03766, 1.04071]"
115,"[0, 1, 1, 0, 1, 1, 0, 0]","[0, 0, 1, 0, 0, 0, 0, 0]",,"[0, 0, 1, 0, 0, 1, 0, 0, 0, 0, 1, 0, 0, 0, 0, 0]","[1.64391, 2.00175, -0.5388, 1.01891, 2.32379, -0.82926, 1.87283, 2.01006, 1.65131, 1.89108, -0.5183, 0.36547, 0.50018, 0.4517, 0.97326, 1.00666]","[1.03767, 1.04483, -1.04841, 1.03814, 1.04202, 1.03824, 1.0384, 1.03907]"
116,"[0, 1, 1, 0, 1, 0, 1, 1]","[0, 1, 1, 0, 1, 0, 1, 1]",,"[1, 0, 1, 0, 1, 1, 0, 1, 1, 0, 1, 1, 1, 1, 0, 1]","[-1.15777, 1.19282, -0.44547, 0.01161, -0.50177, -0.54206, 2.17237, -1.34545, -0.70417, 1.65067, -1.42865, -1.52632, -2.0821, -0.18, 1.25542, -1.16718]","[1.04107, -1.04535, -1.0451, 1.0439, -1.04445, 1.04305, -1.03259, -1.03423]"
117,"[0, 1, 1, 0, 1, 0, 1, 0]","[0, 1, 1, 0, 1, 0, 1, 0]",,"[0, 0, 0, 0, 0, 0, 1, 0, 0, 1, 0, 0, 0, 0, 1, 0]","[0.44956, 0.0525, 0.96676, 1.75441, 1.82667, 2.08753, -1.39552, 0.5056, 2.35616, -1.39542, 1.08812, 1.28995, 2.08411, 1.22996, -0.4413, 0.07713]","[1.03917, -1.05189, -1.04959, 1.04042, -1.04683, 1.03983, -1.03939, 1.0406]"
118,"[0, 1, 1, 0, 1, 0, 0, 1]","[0, 1, 1, 0, 1, 0, 0, 1]",,"[0, 0, 0, 1, 0, 1, 1, 1, 0, 0, 0, 1, 0, 1, 1, 1]","[0.77781, 1.45646, 0.82961, -0.15195, 1.41719, -1.99093, -0.80648, -1.19938, 0.7866, 1.93813, 1.46334, -1.43201, 1.73444, -0.87323, -0.58012, -0.97506]","[1.04122, -1.04949, -1.05095, 1.04536, -1.043, 1.04379, 1.04236, -1.03315]"
119,"[0, 1, 1, 0, 1, 0, 0, 0]","[0, 1, 0, 0, 0, 0, 1, 0]",,"[1, 1, 1, 0, 1, 0, 0, 0, 1, 1, 1, 0, 1, 0, 1, 0]","[-0.37787, -1.3931, -1.39688, 1.37045, -0.52608, 0.50213, 1.64934, 0.8668, -0.18676, -1.2946, -0.90556, 0.68372, -0.99933, 1.82964, -0.01357, 0.37173]","[1.04518, -1.0489, 1.05711, 1.04519, 1.05445, 1.04385, -1.03936, 1.04293]"
120,"[0, 1, 1, 0, 0, 1, 1, 1]","[0, 1, 1, 0, 0, 1, 1, 1]",,"[1, 1, 1, 1, 1, 0, 0, 1, 1, 1, 1, 1, 1, 0, 0, 1]","[-1.60231, -1.30564, -1.75383, -1.06841, -0.88905, 1.53673, 0.25677, -1.18677, -0.9193, -1.39332, -2.13063, -0.20715, -0.68245, 0.52933, 0.1764, -1.12522]","[1.03978, -1.04625, -1.04393, 1.03993, 1.05151, -1.03252, -1.03339, -1.03417]"
121,"[0, 1, 1, 0, 0, 1, 1, 0]","[0, 1, 1, 0, 0, 1, 1, 0]",,"[0, 0, 0, 0, 0, 1, 1, 0, 0, 0, 0, 0, 0, 1, 1, 0]","[0.95471, 0.68844, 0.69278, 0.90022, 2.36001, -0.6409, -0.28314, 0.60933, 0.86162, 0.56978, 1.40974, 1.10886, 1.19338, -1.57861, -1.29905, 1.66979]","[1.04002, -1.04516, -1.04066, 1.04129, 1.05211, -1.03753, -1.03737, 1.04072]"
122,"[0, 1, 1, 0, 0, 1, 0, 1]","[0, 1, 1, 0, 0, 1, 0, 1]",,"[0, 0, 0, 1, 0, 0, 1, 1, 0, 1, 0, 1, 0, 0, 1, 1]","[0.57647, 1.3774, 0.98963, -1.30504, 0.74016, 0.68898, -1.77575, -0.86369, 0.93452, -1.41133, 0.27427, -0.665, 0.72905, 0.87546, -0.87242, -0.39803]","[1.03663, -1.05493, -1.04665, 1.03913, 1.04215, -1.03416, 1.03804, -1.03487]"
123,"[0, 1, 1, 0, 0, 1, 0, 0]","[0, 1, 1, 0, 0, 1, 0, 0]",,"[1, 0, 1, 0, 1, 1, 0, 0, 1, 0, 1, 0, 1, 1, 0, 0]","[-0.17286, 1.60231, -0.81609, 2.27661, -0.29629, -1.16745, 0.88061, 0.973, -1.25128, 0.76151, -0.12935, 0.73143, -0.91777, -0.89563, 0.76379, 1.58378]","[1.03908, -1.05436, -1.05067, 1.04027, 1.04813, -1.0425, 1.03886, 1.04]"
124,"[0, 1, 1, 0, 0, 0, 1, 0]","[0, 1, 1, 0, 0, 0, 1, 0]",,"[1, 1, 0, 0, 1, 0, 1, 0, 1, 1, 0, 0, 1, 0, 1, 0]","[-0.9935, -1.15471, 1.3389, 0.49967, -1.81901, 0.0557, -1.32467, 1.85907, -1.04096, -1.28754, 0.93988, 0.16228, -1.09966, 2.00672, -1.90832, 0.40132]","[1.04223, -1.04992, -1.04233, 1.04264, 1.05439, 1.04221, -1.03953, 1.04193]"
125,"[0, 1, 1, 0, 0, 0, 0, 1]","[0, 1, 1, 0, 0, 0, 0, 1]",,"[1, 0, 0, 1, 1, 1, 0, 1, 1, 0, 0, 1, 1, 1, 1, 1]","[-1.11811, 1.13933, 0.67203, -0.55098, -1.16954, -1.28986, 0.27564, -1.03578, -2.19112, 0.59184, 1.52908, -1.39134, -0.51454, -1.14622, -1.51994, -0.89033]","[1.04083, -1.05021, -1.04995, 1.04466, 1.0494, 1.04305, 1.04215, -1.03382]"
126,"[0, 1, 0, 1, 1, 1, 1, 1]","[0, 1, 0, 1, 1, 1, 1, 1]",,"[0, 0, 1, 0, 0, 0, 0, 1, 0, 0, 1, 0, 0, 0, 0, 1]","[1.02517, 1.04531, -1.74446, 1.80688, 1.23695, 1.50854, 2.92813, -1.31598, 0.44284, 0.32008, -1.18453, 1.9384, 0.73193, 1.10524, 0.09464, -2.15379]","[1.04065, -1.04256, 1.05269, -1.03463, -1.04564, -1.03436, -1.03379, -1.03492]"
127,"[0, 1, 0, 1, 1, 1, 1, 0]","[0, 0, 0, 1, 0, 0, 1, 0]",,"[1, 1, 0, 1, 1, 1, 1, 0, 1, 1, 0, 1, 1, 0, 1, 0]","[-1.32977, -1.08007, 1.30975, -1.58913, -0.72951, -0.03423, -3.01051, 0.99412, -1.17297, -2.69419, 0.79144, -2.39556, -0.88626, 0.1081, -2.05696, 2.05169]","[1.05129, 1.04923, 1.05604, -1.04098, 1.05754, 1.0475, -1.0398, 1.04395]"
128,"[0, 1, 0, 1, 1, 1, 0, 1]","[0, 1, 0, 1, 1, 1, 0, 1]",,"[1, 0, 0, 0, 1, 0, 1, 1, 1, 0, 0, 0, 1, 0, 1, 1]","[-0.63619, 2.1494, 1.08536, 0.48488, -0.86199, 0.22773, -0.75141, -1.61114, -2.33677, 1.08454, 0.82919, 2.59565, -1.37257, 1.31932, -1.22402, -1.54664]","[1.0376, -1.04456, 1.05427, -1.03292, -1.04367, -1.03218, 1.03903, -1.03482]"
129,"[0, 1, 0, 1, 1, 1, 0, 0]","[0, 0, 0, 1, 0, 0, 0, 0]",,"[0, 1, 1, 1, 0, 1, 0, 0, 0, 1, 1, 1, 0, 0, 0, 0]","[0.99122, -0.67691, -1.43017, -0.45077, 1.00391, -1.77215, 1.99442, 0.8476, 0.27727, -1.15333, -0.99245, -0.6038, 1.57402, 0.1198, 1.39172, 2.38733]","[1.03817, 1.03804, 1.03769, -1.04296, 1.04011, 1.038, 1.03841, 1.03933]"
130,"[0, 1, 0, 1, 1, 0, 1, 1]","[0, 1, 0, 1, 1, 0, 1, 1]",,"[1, 1, 1, 0, 1, 1, 0, 1, 1, 1, 1, 0, 1, 1, 0, 1]","[-0.71324, -0.43394, -1.33382, 1.68357, -0.32067, -0.81115, 0.66773, -1.27647, -1.4864, -1.19631, -2.47368, 0.53071, -1.36216, -1.25267, 0.90488, -1.35008]","[1.04073, -1.05472, 1.05384, -1.03122, -1.04523, 1.04261, -1.03241, -1.03416]"
131,"[0, 1, 0, 1, 1, 0, 1, 0]","[0, 1, 0, 1, 1, 0, 1, 0]",,"[0, 0, 0, 1, 0, 0, 1, 0, 1, 0, 0, 1, 0, 0, 1, 0]","[0.45269, 1.01481, 1.40232, -1.29233, 0.34894, 1.35022, -1.48586, 1.00081, -0.0882, 0.28048, 0.69241, -1.04691, 0.64, 0.37955, -1.21332, 0.77181]","[1.03948, -1.05166, 1.05299, -1.04146, -1.04908, 1.04005, -1.03957, 1.04077]"
132,"[0, 1, 0, 1, 1, 0, 0, 1]","[0, 1, 0, 1, 1, 0, 0, 1]",,"[0, 1, 0, 0, 0, 1, 1, 1, 0, 1, 0, 0, 0, 1, 1, 1]","[1.66029, -0.67495, 2.05227, 1.76148, 1.94427, -1.17933, -1.11728, -0.12855, 0.88492, -0.48948, 0.27182, 0.15383, 1.19054, -1.25226, -1.04634, -0.78957]","[1.04178, -1.04414, 1.05117, -1.03068, -1.04151, 1.04436, 1.0427, -1.03321]"
133,"[0, 1, 0, 1, 0, 1, 1, 1]","[1, 1, 1, 1, 0, 1, 1, 1]",,"[0, 0, 1, 0, 1, 0, 0, 0, 1, 0, 0, 0, 1, 0, 0, 1]","[0.45953, 1.63869, -1.53503, 1.21681, -1.92272, 0.42001, 1.36322, 0.12805, -1.2086, 0.3102, 0.21118, 1.28006, -0.35597, 0.15895, 1.25644, -0.76371]","[-1.03174, -1.04303, -1.03741, -1.03083, 1.05257, -1.03181, -1.03284, -1.03363]"
134,"[0, 1, 0, 1, 0, 1, 1, 0]","[0, 1, 0, 1, 0, 1, 1, 0]",,"[0, 1, 0, 1, 1, 0, 1, 0, 0, 1, 0, 1, 0, 1, 1, 0]","[1.20354, -0.89473, 2.25191, -1.03094, -0.00459, 0.44135, -1.14602, 0.49883, 0.42945, -1.52532, 1.22163, -0.83289, 1.95357, -0.00963, -1.82052, 1.79304]","[1.04257, -1.04228, 1.0522, -1.03821, 1.05204, -1.0376, -1.03772, 1.04168]"
135,"[0, 1, 0, 1, 0, 1, 0, 1]","[0, 1, 0, 1, 0, 1, 0, 1]",,"[0, 0, 0, 0, 1, 0, 1, 1, 1, 0, 0, 0, 0, 0, 1, 1]","[1.90716, 0.54768, 1.07538, 0.12969, -0.05223, 0.21935, -1.45062, -0.88883, -0.72917, 1.60531, 1.12355, 0.85795, 1.40568, 0.44932, -1.46328, -0.98499]","[1.03724, -1.04592, 1.05263, -1.03727, 1.04151, -1.03426, 1.03832, -1.03471]"
136,"[0, 1, 0, 1, 0, 1, 0, 0]","[0, 0, 0, 1, 0, 1, 0, 0]",,"[1, 1, 1, 1, 1, 1, 0, 0, 1, 0, 1, 1, 1, 1, 0, 0]","[-0.96654, -1.52227, -1.03173, -1.22207, -0.96542, -1.11354, 0.68926, 0.7664, -0.99637, 0.0319, -0.047, -0.82857, -1.03326, -0.20158, 0.46898, 0.87738]","[1.04296, 1.05125, 1.04431, -1.04449, 1.04727, -1.04254, 1.04296, 1.04208]"
137,"[0, 1, 0, 1, 0, 0, 1, 1]","[0, 1, 0, 1, 0, 0, 1, 1]",,"[0, 1, 1, 0, 0, 1, 0, 1, 0, 1, 1, 0, 0, 1, 0, 1]","[0.19466, -1.48668, -1.73541, 1.26391, 2.5658, -0.91892, 1.71542, -1.69515, 1.53691, -2.00423, -1.85817, 1.58434, 0.68005, -0.82794, 0.15147, -0.64135]","[1.04179, -1.0545, 1.05456, -1.03167, 1.05069, 1.04388, -1.03277, -1.03448]"
138,"[0, 1, 0, 1, 0, 0, 1, 0]","[0, 1, 1, 1, 1, 0, 0, 0]",,"[1, 0, 1, 1, 1, 0, 1, 0, 1, 0, 0, 1, 1, 0, 0, 0]","[-0.79197, 0.40002, -0.35793, -1.25462, -1.40843, 0.56246, -0.82961, 1.52517, -1.92952, 1.30803, 1.95424, -1.10789, -1.14705, 0.96636, 0.15967, 2.25665]","[1.03828, -1.0448, -1.046, -1.04288, -1.03987, 1.03799, 1.03841, 1.0396]"
139,"[0, 1, 0, 1, 0, 0, 0, 1]","[0, 0, 0, 1, 1, 1, 0, 1]",,"[0, 1, 0, 0, 1, 1, 1, 1, 1, 1, 0, 0, 1, 0, 1, 1]","[0.00127, -1.45224, 0.81892, 1.44079, -0.44316, -0.75572, -1.15247, -1.30309, -2.42214, -1.00139, 1.17752, 0.68833, -1.70877, 0.10049, -0.97444, -0.46736]","[1.03781, 1.0489, 1.05333, -1.03237, -1.04187, -1.03174, 1.03938, -1.03454]"
140,"[0, 1, 0, 1, 0, 0, 0, 0]","[0, 1, 0, 1, 0, 0, 0, 0]",,"[0, 0, 1, 1, 0, 1, 0, 0, 1, 0, 1, 1, 0, 0, 0, 0]","[2.14802, 0.41719, -2.04416, -1.92132, 1.41094, -0.04948, 0.52025, 0.17301, -0.67719, 1.23652, -1.32357, -0.24633, 1.80645, 0.78504, 0.65002, 1.51981]","[1.03765, -1.04512, 1.03733, -1.04285, 1.04194, 1.03778, 1.03816, 1.03881]"
141,"[0, 1, 0, 0, 1, 1, 1, 1]","[0, 1, 0, 0, 1, 1, 1, 1]",,"[0, 1, 0, 1, 0, 0, 0, 1, 1, 1, 0, 1, 0, 0, 0, 1]","[0.08136, -0.65209, 0.63658, -1.54658, 1.18871, 1.58373, 0.61733, -1.81522, -0.11389, -0.50141, 1.54551, -1.21152, 1.74319, 0.88399, 1.36712, -2.30887]","[1.04074, -1.04617, 1.05264, 1.04138, -1.04491, -1.03331, -1.03356, -1.03468]"
142,"[0, 1, 0, 0, 1, 1, 1, 0]","[1, 1, 0, 0, 1, 0, 0, 1]",,"[0, 0, 0, 0, 1, 1, 1, 0, 0, 0, 1, 1, 0, 1, 1, 1]","[0.33697, 1.26252, 0.29691, 1.37548, -2.56077, -1.62179, -0.27051, 0.3227, 0.93603, 0.50211, -1.08772, -0.11005, 0.34802, -0.67288, -0.48816, -0.68204]","[-1.03342, -1.04868, 1.05253, 1.04465, -1.04169, 1.04337, 1.04213, -1.03354]"
143,"[0, 1, 0, 0, 1, 1, 0, 1]","[0, 1, 0, 0, 1, 1, 0, 1]",,"[0, 1, 1, 1, 1, 1, 1, 1, 0, 1, 1, 1, 1, 0, 1, 1]","[0.43469, -0.5498, -0.61111, -2.1781, -1.65458, -0.0672, -1.98024, -1.52681, 1.54197, -0.22525, -0.1664, -1.68255, -0.48846, 0.53476, -1.33908, -0.74176]","[1.03749, -1.04841, 1.05397, 1.04079, -1.03879, -1.03167, 1.03929, -1.03498]"
144,"[0, 1, 0, 0, 1, 1, 0, 0]","[0, 1, 0, 0, 1, 1, 0, 0]",,"[1, 0, 0, 0, 0, 1, 0, 0, 1, 0, 0, 0, 0, 1, 0, 0]","[-0.85769, 1.43827, 0.57608, 0.72956, 0.47613, -0.84764, 0.82927, 1.14528, -1.3149, 1.28442, 0.1535, 0.73032, 1.21757, -0.01218, 0.74006, 0.3053]","[1.03828, -1.05516, 1.04607, 1.03905, -1.04948, -1.04229, 1.03851, 1.03973]"
145,"[0, 1, 0, 0, 1, 0, 1, 1]","[0, 1, 1, 0, 0, 0, 1, 1]",,"[0, 0, 0, 1, 1, 1, 0, 1, 0, 0, 1, 1, 0, 1, 0, 1]","[1.10544, 0.25761, 1.8655, -2.08721, -0.886, -0.89942, 1.47607, -1.91959, 1.20796, 1.86649, -0.13689, -1.06381, 0.30424, -0.93745, 1.38034, -2.6769]","[1.04206, -1.04681, -1.04199, 1.04425, 1.04899, 1.04425, -1.03304, -1.03457]"
146,"[0, 1, 0, 0, 1, 0, 1, 0]","[1, 1, 0, 0, 1, 0, 1, 0]",,"[0, 1, 1, 0, 0, 0, 1, 1, 1, 1, 1, 0, 0, 0, 1, 0]","[0.11807, -1.52186, -1.78182, 0.25291, 0.10857, 0.01145, -0.88179, -0.15328, -1.3046, -1.51632, -0.60647, 1.86606, 0.91383, 2.00962, -0.06119, 2.09837]","[-1.03953, -1.04937, 1.05701, 1.04281, -1.0431, 1.04186, -1.03927, 1.0418]"
147,"[0, 1, 0, 0, 1, 0, 0, 1]","[0, 1, 0, 0, 1, 0, 0, 1]",,"[1, 0, 1, 1, 0, 1, 1, 1, 1, 0, 1, 1, 0, 1, 1, 1]","[-3.12635, 1.20149, -1.47046, -0.30281, 1.51063, -1.04994, -1.88379, -1.46911, -0.4198, 1.53454, -0.53974, -1.56431, 1.78507, -0.82163, -1.15592, -0.25724]","[1.04106, -1.04875, 1.05532, 1.04514, -1.04267, 1.04371, 1.04237, -1.03421]"
148,"[0, 1, 0, 0, 1, 0, 0, 0]","[0, 1, 0, 0, 1, 0, 0, 0]",,"[0, 1, 0, 0, 1, 0, 0, 0, 0, 1, 0, 0, 1, 0, 0, 0]","[0.72002, -1.28473, 0.41042, 0.80229, -1.96471, 1.008, 1.91232, 0.00725, 0.54791, -1.09309, 1.31633, 1.93899, -1.22262, 1.55611, 1.80128, 0.73204]","[1.0374, -1.048, 1.04329, 1.03801, -1.04335, 1.03804, 1.03824, 1.03887]"
149,"[0, 1, 0, 0, 0, 1, 1, 1]","[0, 1, 0, 0, 0, 1, 1, 1]",,"[0, 1, 0, 1, 1, 0, 0, 1, 0, 1, 0, 1, 1, 0, 0, 1]","[0.6757, -1.15292, 2.18632, -1.64757, -1.15559, 2.49483, 1.73049, -0.8298, 0.82013, -0.64743, 0.7768, -0.0992, -0.03414, 0.66964, 0.97037, -1.35483]","[1.04021, -1.04846, 1.05373, 1.04116, 1.05295, -1.0324, -1.03321, -1.03379]"
150,"[0, 1, 0, 0, 0, 1, 1, 0]","[0, 1, 0, 0, 1, 1, 1, 0]",,"[1, 0, 1, 0, 0, 1, 1, 0, 1, 0, 1, 0, 1, 1, 1, 0]","[-0.23958, 1.1944, -1.17971, 1.33097, 0.8905, -0.83665, -1.25056, 2.07883, -2.9728, 0.40679, -1.50532, 1.0902, -0.03791, -2.01848, -0.45161, 1.55077]","[1.03996, -1.04133, 1.05645, 1.04341, -1.03473, -1.0368, -1.03736, 1.04109]"
151,"[0, 1, 0, 0, 0, 1, 0, 1]","[0, 1, 0, 0, 0, 1, 0, 1]",,"[1, 1, 1, 1, 0, 0, 1, 1, 1, 1, 1, 1, 0, 0, 1, 1]","[-1.63395, -1.98656, -0.86772, -1.37941, 1.37067, 1.05115, -1.4246, -2.12329, -1.10468, -0.6701, -0.7499, -0.22269, 0.17094, 1.66728, -0.10814, -1.10749]","[1.0368, -1.05453, 1.0516, 1.03982, 1.03852, -1.03231, 1.0383, -1.03546]"
152,"[0, 1, 0, 0, 0, 0, 1, 1]","[0, 1, 0, 0, 0, 0, 1, 1]",,"[1, 0, 0, 1, 0, 0, 0, 1, 1, 0, 0, 1, 0, 1, 0, 1]","[-0.81812, 0.64242, 2.27891, -1.35866, 0.9852, 0.41833, 1.64508, -0.33631, -1.16435, 0.48158, 1.2782, -1.41603, 0.24857, -0.77092, 1.54789, -1.84193]","[1.04191, -1.04738, 1.05761, 1.04441, 1.04866, 1.04406, -1.03326, -1.03469]"
153,"[0, 1, 0, 0, 0, 0, 1, 0]","[1, 1, 0, 0, 0, 0, 1, 0]",,"[0, 0, 1, 0, 1, 0, 1, 1, 0, 1, 1, 0, 1, 0, 1, 0]","[1.53463, 0.33222, -1.01768, 1.56216, -0.33129, 0.95337, -0.90888, -0.08158, 1.58712, -1.65258, -0.32892, 1.30411, -0.12398, 1.31161, -1.19084, 1.64585]","[-1.03958, -1.04983, 1.05695, 1.04203, 1.0546, 1.04173, -1.03968, 1.04162]"
154,"[0, 0, 1, 1, 1, 1, 1, 1]","[0, 1, 0, 1, 0, 0, 1, 1]",,"[0, 0, 0, 0, 0, 0, 0, 1, 0, 1, 1, 0, 0, 1, 0, 1]","[1.45765, 0.26651, 1.40102, 0.33973, 0.49219, 1.55502, 1.21783, -1.34722, 2.23208, -0.84117, -0.01156, 0.95075, 1.17149, -0.16532, 0.96344, -0.81644]","[1.04213, -1.05437, 1.05476, -1.04163, 1.04975, 1.04412, -1.04057, -1.04616]"
155,"[0, 0, 1, 1, 1, 1, 0, 1]","[0, 0, 1, 1, 0, 1, 0, 1]",,"[1, 1, 1, 0, 1, 0, 1, 1, 1, 1, 1, 0, 0, 0, 1, 1]","[-0.91197, -1.53255, -1.61594, 1.47486, -0.71789, 1.19705, -1.10798, -2.17188, -0.5302, -0.59692, -0.69719, 1.60477, 0.33684, 0.70054, -1.41671, -1.44185]","[1.03731, 1.04894, -1.05242, -1.03251, 1.03905, -1.0325, 1.03856, -1.03547]"
156,"[0, 0, 1, 1, 1, 1, 0, 0]","[0, 1, 0, 0, 0, 1, 1, 0]",,"[0, 0, 0, 1, 0, 1, 0, 0, 0, 0, 1, 0, 0, 1, 1, 0]","[2.3893, 0.24195, 0.75677, -0.33659, 0.82652, -0.98239, 1.95624, 0.68066, 1.08918, 0.5747, -0.00768, 0.04816, 1.84865, -1.08167, -0.22907, 0.08048]","[1.04023, -1.04364, 1.05696, 1.04197, 1.05259, -1.0374, -1.03746, 1.04082]"
157,"[0, 0, 1, 1, 1, 0, 1, 1]","[0, 0, 1, 1, 1, 0, 1, 1]",,"[0, 0, 0, 0, 1, 1, 0, 1, 0, 0, 0, 0, 1, 1, 0, 1]","[0.75904, 1.94702, 1.74706, 1.03653, -0.97286, -1.45237, 0.55801, -1.13224, 0.10668, 1.89339, 0.87588, 0.40523, -1.59063, -0.89033, 0.77227, -2.23639]","[1.04111, 1.05098, -1.04074, -1.03139, -1.03871, 1.04282, -1.03354, -1.03417]"
158,"[0, 0, 1, 1, 1, 0, 0, 0]","[0, 0, 1, 1, 1, 0, 0, 0]",,"[1, 1, 0, 1, 1, 0, 0, 0, 1, 1, 0, 1, 1, 0, 0, 0]","[-0.63763, -0.71576, 0.69673, -2.22048, -0.29626, 0.19924, 1.46845, 2.08902, -0.18138, -1.35357, 0.4889, -1.98787, -1.18091, 1.589, 0.92034, 2.20548]","[1.03847, 1.03873, -1.04576, -1.04286, -1.04056, 1.03817, 1.03858, 1.03988]"
159,"[0, 0, 1, 1, 0, 1, 1, 0]","[1, 1, 0, 0, 1, 0, 0, 1]",,"[0, 0, 1, 1, 0, 1, 1, 0, 0, 0, 1, 1, 0, 1, 1, 1]","[1.71372, 1.50508, -0.03824, -2.18114, 1.56603, -2.03474, -0.97301, 0.12441, 1.17016, 2.44834, -0.64346, -2.03961, 1.52427, -0.62996, -1.44716, -0.7452]","[-1.03236, -1.04841, 1.05326, 1.04469, -1.03919, 1.04343, 1.0422, -1.03419]"
160,"[0, 0, 1, 1, 0, 1, 0, 0]","[0, 1, 0, 1, 0, 0, 1, 0]",,"[0, 0, 0, 1, 1, 1, 0, 0, 1, 0, 0, 1, 1, 0, 1, 0]","[0.39993, 0.28754, 1.47285, -0.36342, -1.67829, -0.26448, 1.37706, 0.25785, -2.32542, 0.61199, 1.75629, -0.18226, -1.07624, 0.13263, -0.00586, 2.43232]","[1.04116, -1.05051, 1.05413, -1.04147, 1.05295, 1.04123, -1.03957, 1.04134]"
161,"[0, 0, 1, 1, 0, 0, 1, 1]","[0, 1, 1, 1, 1, 1, 1, 1]",,"[0, 0, 0, 0, 0, 1, 0, 1, 0, 0, 0, 0, 0, 0, 0, 1]","[1.1692, 0.21403, 1.90714, 1.82399, 1.79766, -1.91921, 1.07271, -0.76677, 0.89411, 1.45067, 0.77154, 1.01889, 1.33486, 0.63461, 1.07583, -1.22909]","[1.04098, -1.04188, -1.03603, -1.0357, -1.04497, -1.03374, -1.03445, -1.03664]"
162,"[0, 0, 1, 1, 0, 0, 1, 0]","[0, 0, 1, 1, 0, 0, 1, 0]",,"[1, 1, 1, 1, 1, 0, 1, 0, 1, 1, 1, 1, 1, 0, 1, 0]","[-2.27371, -0.07462, -0.38699, -2.19081, -2.53122, 1.70724, -0.92264, 0.65997, -1.0063, -1.68539, -1.15189, -1.3028, -1.76524, 1.95788, -0.17487, 0.97124]","[1.05847, 1.0505, -1.04082, -1.04084, 1.05724, 1.05502, -1.03958, 1.05015]"
163,"[0, 0, 1, 1, 0, 0, 0, 0]","[0, 0, 1, 1, 0, 0, 0, 0]",,"[0, 1, 0, 1, 0, 0, 0, 0, 0, 1, 0, 1, 0, 0, 0, 0]","[1.82663, -1.89985, 1.93464, -1.83525, 1.18327, 2.53076, 0.83951, 0.6501, 1.25759, -1.18033, 1.21508, -1.35883, 1.13496, 1.34411, 0.87515, 0.76595]","[1.0376, 1.03743, -1.04297, -1.04318, 1.04553, 1.03776, 1.03813, 1.03879]"
164,"[0, 0, 1, 0, 1, 1, 1, 1]","[0, 0, 1, 0, 1, 1, 1, 1]",,"[1, 0, 1, 1, 0, 0, 0, 1, 0, 0, 1, 1, 0, 0, 0, 1]","[-0.84883, 0.25604, -1.26513, -0.89941, 0.46512, 1.27391, 1.37749, -0.8543, 0.17509, 0.60077, -1.22776, -1.03059, 1.40792, 0.8832, 0.76823, -1.23831]","[1.04047, 1.05347, -1.04408, 1.04065, -1.04625, -1.03295, -1.03359, -1.03522]"
165,"[0, 0, 1, 0, 1, 1, 1, 0]","[1, 0, 0, 1, 0, 0, 0, 1]",,"[0, 1, 0, 0, 1, 1, 1, 0, 1, 0, 0, 0, 1, 1, 1, 1]","[0.15638, -0.91754, 1.21132, 2.11079, -0.41689, -0.4325, -1.67982, 1.09085, -0.90012, 0.34751, 1.48218, 0.36638, -0.27543, -2.34741, -1.1972, -0.62908]","[-1.03351, 1.04872, 1.04867, -1.03021, 1.05348, 1.04361, 1.04243, -1.03343]"
166,"[0, 0, 1, 0, 1, 1, 0, 0]","[0, 0, 1, 0, 1, 1, 0, 0]",,"[1, 0, 1, 1, 0, 1, 0, 0, 1, 1, 1, 0, 0, 1, 0, 0]","[-0.11151, 0.16057, -0.65296, -0.50745, 1.28666, -0.94385, 1.25878, 1.15791, -0.47106, -0.70314, -0.98612, 0.79522, 0.10231, -0.26493, 1.08745, 0.46125]","[1.03987, 1.05567, -1.05062, 1.04099, -1.04698, -1.04175, 1.03964, 1.04022]"
167,"[0, 0, 1, 0, 1, 0, 1, 1]","[1, 1, 1, 0, 1, 0, 1, 1]",,"[0, 1, 1, 1, 1, 0, 0, 0, 0, 0, 1, 1, 1, 1, 0, 1]","[0.65687, -1.04775, -1.4762, -0.46072, -1.1824, 0.12989, 0.70744, 0.02603, 0.31491, 0.22115, -1.29994, -1.12078, -0.52301, -0.88394, 0.21925, -1.53108]","[-1.03139, -1.04632, -1.03812, 1.04379, -1.03284, 1.04359, -1.03253, -1.03412]"
168,"[0, 0, 1, 0, 1, 0, 1, 0]","[0, 1, 0, 1, 1, 0, 1, 0]",,"[1, 0, 0, 0, 0, 0, 1, 0, 1, 0, 0, 1, 0, 0, 1, 0]","[-1.17715, 2.11022, 0.86021, 0.49686, 2.06701, 0.97563, -2.71153, 0.03778, -2.29564, 1.3535, 0.49477, -0.84709, 0.52986, 0.45438, -0.75062, 0.3043]","[1.03915, -1.05178, 1.0529, -1.04144, -1.04899, 1.0398, -1.03948, 1.04063]"
169,"[0, 0, 1, 0, 1, 0, 0, 1]","[0, 0, 1, 0, 1, 0, 0, 1]",,"[1, 1, 0, 1, 0, 0, 1, 1, 1, 1, 0, 1, 0, 1, 1, 1]","[-1.41024, -0.79684, 2.15722, -1.05262, 1.1076, 0.07285, -0.45575, -1.12808, -2.05257, -0.91589, 1.71155, -0.90569, 0.34756, -2.00627, -0.37341, -1.92957]","[1.04131, 1.05263, -1.05086, 1.0456, -1.04276, 1.04395, 1.04247, -1.03409]"
170,"[0, 0, 1, 0, 1, 0, 0, 0]","[0, 0, 1, 0, 1, 0, 0, 0]",,"[0, 0, 1, 0, 1, 0, 0, 0, 0, 0, 1, 0, 1, 0, 0, 0]","[1.43849, 2.6173, -1.71605, 0.89108, -1.00837, 1.92587, 0.93027, 1.38443, 0.86407, 0.84406, -1.07236, 1.50859, -1.13152, 1.01361, 1.28556, 0.97573]","[1.03747, 1.0473, -1.05073, 1.03804, -1.04163, 1.03798, 1.0382, 1.03877]"
171,"[0, 0, 1, 0, 0, 1, 1, 1]","[0, 0, 0, 1, 1, 0, 1, 1]",,"[1, 0, 1, 1, 0, 0, 0, 1, 0, 0, 1, 0, 1, 1, 0, 1]","[-0.34215, 0.15254, -1.18952, -1.39767, 0.39382, 1.12695, 0.40834, -1.95223, 0.35263, 0.57255, -0.07921, 0.09877, -1.92729, -0.72215, 0.82405, -1.42487]","[1.04135, 1.05186, 1.05426, -1.03096, -1.04071, 1.04303, -1.03283, -1.03433]"
172,"[0, 0, 1, 0, 0, 1, 0, 1]","[0, 0, 1, 0, 0, 1, 0, 1]",,"[1, 0, 0, 1, 1, 0, 1, 1, 1, 0, 0, 1, 0, 0, 1, 1]","[-2.55681, 2.02506, 0.78722, -0.68311, -0.52805, 1.19877, -1.68285, -0.98216, -0.33192, 0.79734, 0.40982, -0.89017, 1.72765, 0.667, -1.50639, -1.92764]","[1.03681, 1.05883, -1.0463, 1.03943, 1.04097, -1.0322, 1.03817, -1.03531]"
173,"[0, 0, 1, 0, 0, 1, 0, 0]","[0, 1, 1, 0, 0, 1, 0, 0]",,"[0, 1, 1, 0, 1, 1, 0, 0, 0, 0, 1, 0, 1, 1, 0, 0]","[1.10069, -1.79577, -2.57618, 0.26435, -1.69759, -1.30198, 0.56141, 0.82346, 1.06214, 0.50421, -0.47987, 0.77844, -2.11068, -0.72723, 1.02285, 1.21379]","[1.03937, -1.05382, -1.05063, 1.04077, 1.04706, -1.04277, 1.03902, 1.04019]"
174,"[0, 0, 1, 0, 0, 0, 1, 1]","[0, 0, 1, 0, 0, 0, 1, 1]",,"[1, 1, 1, 1, 0, 1, 0, 1, 0, 1, 1, 1, 0, 1, 0, 1]","[-0.38894, -0.70737, -1.05331, -1.76836, 1.14125, -0.52566, 1.79733, -0.24185, 0.85037, -0.33379, -0.57565, -1.89264, 0.46583, -1.21984, 1.25631, -1.33718]","[1.04189, 1.05348, -1.04322, 1.04445, 1.04925, 1.04417, -1.03278, -1.03435]"
175,"[0, 0, 1, 0, 0, 0, 1, 0]","[0, 0, 1, 0, 0, 0, 1, 0]",,"[0, 0, 0, 0, 1, 0, 1, 0, 0, 0, 0, 0, 1, 0, 1, 0]","[3.42089, 1.75992, 1.34226, 1.41863, -0.12003, 1.70638, -0.79579, 0.87839, 2.0945, 1.74436, 1.27044, 2.10057, -0.43394, 0.17747, -1.75622, 1.01078]","[1.03944, 1.0499, -1.04805, 1.04057, 1.0511, 1.04011, -1.03971, 1.04077]"
176,"[0, 0, 1, 0, 0, 0, 0, 1]","[0, 1, 0, 1, 0, 0, 0, 1]",,"[0, 1, 0, 0, 1, 1, 1, 1, 0, 1, 0, 0, 1, 1, 1, 1]","[2.53382, -0.43539, 1.22251, 0.61752, -0.16819, -0.9355, -0.52218, -0.16652, 0.9427, -1.51561, 3.15316, 0.31478, -1.33767, -1.9733, -1.6354, -0.50935]","[1.04144, -1.04263, 1.04834, -1.02992, 1.05377, 1.04381, 1.0425, -1.03354]"
177,"[0, 0, 1, 0, 0, 0, 0, 0]","[1, 0, 1, 0, 0, 0, 0, 0]",,"[1, 0, 1, 1, 0, 0, 0, 1, 1, 0, 1, 0, 0, 0, 0, 0]","[-2.01634, 0.59856, -1.8693, -0.0729, 0.79358, 1.40597, 1.55968, -0.13331, -0.42232, 0.31271, -2.35028, 0.23749, 1.2073, 1.33111, 0.89589, 1.28999]","[-1.042, 1.043, -1.04902, 1.03914, 1.0315, 1.03801, 1.03842, 1.03914]"
178,"[0, 0, 0, 1, 1, 1, 1, 1]","[0, 1, 1, 0, 1, 1, 1, 1]",,"[1, 1, 1, 0, 0, 0, 0, 1, 1, 1, 1, 1, 0, 0, 0, 1]","[-0.89477, -0.45182, -0.81187, 1.20736, 1.81838, 0.79655, 0.42395, -1.46706, -0.70756, -0.66864, -1.11865, -0.15414, 1.39925, 1.51738, 1.95862, -1.95207]","[1.04074, -1.04517, -1.04418, 1.04085, -1.04376, -1.03305, -1.03366, -1.03503]"
179,"[0, 0, 0, 1, 1, 1, 1, 0]","[0, 0, 0, 1, 1, 1, 1, 0]",,"[0, 1, 0, 1, 1, 1, 1, 0, 0, 0, 0, 1, 1, 1, 1, 0]","[0.59039, -0.46209, 2.25057, -0.26652, -2.17278, -1.725, -0.53107, 0.57059, 0.23421, 0.99771, 0.76778, -1.83071, -2.08839, -0.66851, -0.358, 1.37931]","[1.04132, 1.0533, 1.0532, -1.03786, -1.03801, -1.03781, -1.03769, 1.04161]"
180,"[0, 0, 0, 1, 1, 1, 0, 1]","[1, 1, 1, 0, 0, 0, 1, 0]",,"[0, 1, 0, 0, 1, 0, 1, 1, 0, 1, 0, 0, 1, 0, 1, 0]","[1.27805, -1.05414, 0.22078, 0.31812, -1.11665, 1.98546, -0.84004, -1.41719, 0.27765, -1.0524, 0.76689, 1.44996, -0.22205, 1.42871, -0.24893, 0.13492]","[-1.03966, -1.05042, -1.04268, 1.04178, 1.05378, 1.04157, -1.03967, 1.04157]"
181,"[0, 0, 0, 1, 1, 1, 0, 0]","[1, 1, 0, 1, 0, 0, 0, 0]",,"[1, 0, 1, 1, 0, 1, 0, 1, 1, 0, 1, 1, 0, 0, 0, 0]","[-2.09098, 1.42453, -1.58465, -1.55066, 2.24093, -0.69625, 1.58096, -0.14837, -1.65824, 1.42655, -1.47921, -0.78881, 0.20275, 0.16049, 2.07537, 0.64707]","[-1.04138, -1.04562, 1.03663, -1.04258, 1.03887, 1.03821, 1.0386, 1.03945]"
182,"[0, 0, 0, 1, 1, 0, 1, 1]","[0, 0, 0, 1, 1, 0, 1, 1]",,"[0, 1, 1, 0, 1, 1, 0, 1, 0, 0, 1, 0, 1, 1, 0, 1]","[1.73821, -0.47931, -1.15737, 0.35103, -0.90302, -0.29347, 2.64871, -0.53763, 2.34582, 0.65647, -0.70369, 1.02661, -0.64023, -1.19155, 1.27063, -0.8318]","[1.04103, 1.05342, 1.05432, -1.03147, -1.04267, 1.04278, -1.03251, -1.03411]"
183,"[0, 0, 0, 1, 1, 0, 1, 0]","[0, 0, 0, 1, 1, 0, 1, 0]",,"[1, 1, 0, 1, 0, 0, 1, 0, 1, 1, 0, 1, 0, 0, 1, 0]","[-0.54187, -2.81407, 1.15986, -1.50928, 0.38185, 0.73504, -1.05323, 2.13676, -0.76269, -1.59723, 1.26915, -0.9976, 0.03252, 0.51754, -1.18367, 0.75459]","[1.04162, 1.04726, 1.05425, -1.04117, -1.04797, 1.04154, -1.0394, 1.04174]"
184,"[0, 0, 0, 1, 1, 0, 0, 1]","[0, 0, 0, 1, 1, 0, 0, 1]",,"[1, 0, 1, 1, 0, 1, 1, 1, 1, 0, 0, 0, 0, 1, 1, 1]","[-1.27389, 1.09328, -0.43753, -0.31027, 0.73653, -1.33945, -2.05015, -1.86172, -2.19641, 0.65022, 1.57073, 0.74326, 1.69418, -0.6492, -0.21604, -1.18167]","[1.04183, 1.05058, 1.0513, -1.03114, -1.03645, 1.04429, 1.0427, -1.03404]"
185,"[0, 0, 0, 1, 1, 0, 0, 0]","[0, 0, 0, 1, 1, 0, 0, 0]",,"[0, 1, 1, 1, 1, 0, 0, 0, 0, 1, 1, 1, 1, 0, 0, 0]","[0.75189, -1.27911, -0.86194, -0.63894, -0.50133, 1.71325, 1.30244, 0.62725, 1.82974, -0.78584, -0.53991, -0.33368, -1.15063, 1.50037, 1.61449, 2.56715]","[1.03812, 1.03964, 1.0365, -1.04265, -1.03833, 1.03782, 1.03827, 1.03951]"
186,"[0, 0, 0, 1, 0, 1, 1, 1]","[0, 0, 0, 1, 0, 1, 1, 1]",,"[0, 1, 1, 0, 1, 0, 1, 1, 0, 1, 1, 0, 1, 0, 0, 1]","[2.30554, -1.8696, -1.89105, 0.8836, -1.28189, 0.72139, -1.04599, -0.14672, 1.55023, -0.31719, -0.18541, 1.24759, -1.51167, 2.0153, 0.52152, -0.62742]","[1.03982, 1.04792, 1.0529, -1.03181, 1.05274, -1.03276, -1.03357, -1.034]"
187,"[0, 0, 0, 1, 0, 1, 1, 0]","[0, 0, 0, 1, 0, 1, 1, 0]",,"[1, 1, 0, 1, 0, 1, 1, 0, 1, 0, 0, 1, 0, 1, 1, 0]","[-0.30071, -0.04792, 0.67923, -0.44667, 1.20097, -0.83762, -2.00305, 2.56742, -0.60768, 1.4032, 2.32805, -2.38233, 0.98139, -0.04039, -0.57727, 0.76671]","[1.04435, 1.05268, 1.05292, -1.03738, 1.05277, -1.03705, -1.03734, 1.04224]"
188,"[0, 0, 0, 1, 0, 1, 0, 1]","[0, 0, 0, 1, 0, 1, 0, 1]",,"[1, 1, 0, 0, 0, 0, 1, 1, 1, 1, 0, 0, 0, 0, 1, 1]","[-0.42463, -1.77942, 0.885, 1.43983, 0.49897, 1.08667, -1.06473, -1.32858, -0.90057, -0.22412, 0.61022, 2.82326, 0.53196, 0.46827, -0.65818, -0.92999]","[1.03725, 1.04889, 1.05346, -1.03314, 1.04101, -1.03252, 1.03842, -1.03533]"
189,"[0, 0, 0, 1, 0, 1, 0, 0]","[0, 0, 0, 1, 0, 1, 0, 0]",,"[0, 0, 1, 1, 1, 1, 0, 0, 0, 0, 1, 1, 1, 1, 0, 0]","[0.6294, 1.9688, -2.08023, -0.96847, -0.13365, -1.3454, 0.02666, 0.8807, 1.00054, 1.63026, -2.07161, -1.22427, -0.26191, -0.11136, 0.9949, 1.86889]","[1.0391, 1.05219, 1.04018, -1.04458, 1.04586, -1.04324, 1.0387, 1.03985]"
190,"[0, 0, 0, 1, 0, 0, 1, 1]","[0, 0, 0, 1, 0, 0, 1, 1]",,"[1, 1, 1, 0, 1, 1, 0, 1, 1, 0, 1, 0, 0, 1, 0, 1]","[-2.21007, -0.59093, -1.35864, 0.75615, -0.21995, -0.89282, 2.17746, -1.69464, -0.10947, 0.43397, -1.33353, 0.65813, 0.62252, -0.05628, 0.3937, -0.97868]","[1.04151, 1.0533, 1.05391, -1.03144, 1.05067, 1.04361, -1.03288, -1.03434]"
191,"[0, 0, 0, 1, 0, 0, 1, 0]","[0, 0, 0, 1, 0, 0, 1, 0]",,"[0, 1, 0, 0, 0, 0, 1, 0, 0, 1, 0, 1, 1, 0, 1, 0]","[2.79485, -1.08473, 1.65057, 0.74283, 0.05041, 0.45981, -2.86466, 0.01212, 0.09605, -2.10481, 1.92862, -2.20856, -1.25053, 1.69193, -1.11102, 0.24536]","[1.03953, 1.04153, 1.05337, -1.04142, 1.05168, 1.04019, -1.03974, 1.04087]"
192,"[0, 0, 0, 1, 0, 0, 0, 1]","[0, 0, 0, 1, 0, 0, 0, 1]",,"[0, 0, 0, 0, 1, 1, 1, 1, 0, 0, 0, 0, 1, 1, 1, 1]","[1.36677, 1.19936, 0.81403, 1.33131, -2.33548, -1.35175, -0.29298, -2.57108, 0.72189, 1.17887, 1.88858, 2.35546, -1.36335, -0.50199, -1.16214, -0.81474]","[1.0417, 1.04765, 1.04786, -1.02613, 1.05323, 1.04405, 1.04261, -1.03282]"
193,"[0, 0, 0, 1, 0, 0, 0, 0]","[0, 1, 1, 0, 0, 0, 0, 0]",,"[1, 1, 1, 1, 0, 0, 0, 0, 1, 1, 1, 0, 0, 0, 0, 0]","[-1.92044, -0.88568, -0.9809, -0.06479, 1.16077, 0.10913, 0.24972, 1.47274, -0.84726, -0.60891, -0.91037, 0.06217, 1.27064, 1.17326, 1.40435, 1.81465]","[1.03916, -1.04653, -1.04781, 1.0407, 1.03795, 1.03896, 1.03934, 1.04034]"
194,"[0, 0, 0, 0, 1, 1, 1, 1]","[1, 0, 0, 0, 1, 1, 1, 1]",,"[0, 0, 0, 1, 0, 0, 0, 0, 0, 0, 0, 1, 0, 0, 0, 1]","[1.60627, 1.79755, 0.91848, -1.10465, 1.06646, 2.22599, 0.39736, 1.09098, 1.37965, 0.83766, 0.6474, -1.0295, 0.58659, 0.67241, 2.03777, -1.13056]","[-1.03123, 1.05207, 1.05023, 1.04124, -1.04822, -1.0306, -1.03199, -1.03724]"
195,"[0, 0, 0, 0, 1, 1, 0, 1]","[0, 0, 0, 0, 1, 1, 0, 1]",,"[1, 0, 0, 1, 1, 0, 1, 1, 1, 0, 1, 1, 1, 0, 1, 1]","[-0.52564, 0.94802, 0.30684, -1.82865, -1.52765, 0.68213, -0.65055, -2.10341, -1.54333, 0.57042, -1.39256, -0.16743, -0.94712, 0.9957, -0.90832, -1.81089]","[1.03724, 1.05906, 1.05321, 1.0399, -1.04252, -1.0319, 1.03892, -1.03501]"
196,"[0, 0, 0, 0, 1, 0, 1, 1]","[1, 1, 1, 1, 0, 1, 0, 0]",,"[1, 1, 0, 1, 1, 1, 0, 1, 1, 1, 0, 1, 1, 1, 0, 0]","[-1.7081, -1.46448, 0.70836, -0.6219, -1.10421, -1.11839, 0.20367, -1.9806, -0.76076, -0.79698, 1.54473, -0.76116, -1.09959, -2.30483, 1.28641, 0.9842]","[-1.04155, -1.04991, -1.055, -1.04446, 1.049, -1.04243, 1.04056, 1.04072]"
197,"[0, 0, 0, 0, 1, 0, 1, 0]","[1, 0, 0, 0, 1, 0, 1, 0]",,"[0, 0, 1, 0, 0, 0, 1, 1, 0, 0, 1, 0, 0, 0, 1, 0]","[0.38128, 1.80734, -1.48262, 0.74896, 1.16294, 0.12755, -1.29646, -0.91625, 2.22476, 1.23286, -1.66344, 0.80111, 0.86636, 1.27842, -0.76012, 0.36655]","[-1.03983, 1.04948, 1.05627, 1.04134, -1.04722, 1.04046, -1.0395, 1.04103]"
198,"[0, 0, 0, 0, 1, 0, 0, 1]","[1, 0, 0, 0, 1, 0, 0, 1]",,"[0, 1, 1, 1, 0, 1, 1, 0, 0, 1, 1, 1, 0, 1, 1, 1]","[0.36589, -1.48824, -1.23333, -0.62716, 1.59532, -2.76845, -1.40865, 0.08667, 0.17978, -2.16131, -1.02539, -0.75536, 0.78345, -1.60453, -2.40447, -0.68797]","[-1.03215, 1.05286, 1.05452, 1.0446, -1.03772, 1.04335, 1.04219, -1.03419]"
199,"[0, 0, 0, 0, 1, 0, 0, 0]","[0, 1, 0, 0, 0, 1, 0, 0]",,"[1, 0, 0, 0, 1, 0, 0, 0, 1, 0, 0, 0, 1, 1, 0, 0]","[-1.44563, 0.03983, 0.53916, 1.3461, -0.23373, 0.41749, 0.19226, 1.52975, -1.51409, 1.16037, 1.22617, 0.12211, -1.01944, -0.31742, 1.00683, 1.57755]","[1.03774, -1.05498, 1.04534, 1.03868, 1.0439, -1.04345, 1.03789, 1.03958]"
200,"[0, 0, 0, 0, 0, 1, 1, 1]","[0, 0, 1, 0, 0, 1, 1, 1]",,"[1, 0, 0, 1, 1, 1, 0, 1, 1, 0, 1, 1, 1, 0, 0, 1]","[-0.84071, 0.3058, 1.12835, -1.32087, -1.02714, -0.22347, 1.98835, -1.42797, -0.85275, 0.31543, -0.20909, -0.81938, -1.06851, 1.7793, 1.02017, -1.0329]","[1.03985, 1.05408, -1.04409, 1.03979, 1.05241, -1.03231, -1.03346, -1.03396]"
201,"[0, 0, 0, 0, 0, 1, 0, 1]","[0, 1, 0, 0, 0, 1, 0, 1]",,"[0, 0, 1, 1, 0, 0, 1, 1, 1, 1, 1, 1, 0, 0, 1, 1]","[0.77141, 0.72688, -0.00265, -0.74883, 1.92975, 0.91558, -0.95732, -1.34961, -1.77191, -0.11472, -0.54666, -1.77686, 1.22092, 1.0397, -0.28811, -0.16788]","[1.03667, -1.05319, 1.05287, 1.03934, 1.04004, -1.0323, 1.0381, -1.03517]"
202,"[0, 0, 0, 0, 0, 1, 0, 0]","[0, 0, 1, 0, 0, 1, 0, 0]",,"[1, 1, 0, 0, 1, 1, 0, 0, 0, 1, 1, 0, 1, 1, 0, 0]","[-1.47054, -0.58059, 1.77897, 1.19023, -0.83389, -1.57319, 1.4532, 0.99435, 0.3701, -2.22852, -0.045, 1.44392, -1.47326, -1.60995, 0.63479, 0.45459]","[1.03937, 1.05552, -1.0505, 1.04054, 1.04786, -1.04236, 1.03906, 1.04009]"
203,"[0, 0, 0, 0, 0, 0, 1, 0]","[1, 0, 0, 0, 0, 0, 1, 0]",,"[1, 0, 1, 0, 1, 0, 1, 1, 1, 0, 1, 0, 1, 0, 1, 0]","[-1.0111, 1.91631, -1.09797, 2.23698, -0.49796, 0.25757, -0.69695, -0.04579, -1.08454, 0.95594, -1.83092, 0.38784, -1.59399, 0.76549, -0.54959, 0.91172]","[-1.03944, 1.05174, 1.05733, 1.04303, 1.0559, 1.04274, -1.03957, 1.04215]"
204,"[0, 0, 0, 0, 0, 0, 0, 1]","[0, 0, 0, 0, 1, 0, 0, 1]",,"[1, 1, 0, 1, 1, 1, 1, 1, 1, 1, 1, 1, 0, 1, 1, 1]","[-0.62424, -0.16002, 0.01553, -0.46633, -1.26229, -1.08023, -1.23028, -0.91686, -0.51654, -2.29801, -1.24212, -1.90392, 0.38357, -0.22595, -0.84956, -0.71024]","[1.04081, 1.0553, 1.05781, 1.04496, -1.04275, 1.04336, 1.04223, -1.03407]"
