Example,Decoded_Bits,Polar_code,Output
0,"[0, 0, 0, 0, 0, 0, 0, 1]","[1, 1, 1, 1, 1, 1, 1, 1]","[1.0491856336593628, 1.0448840856552124, 1.04586923122406, 1.0455018281936646, 1.0490975379943848, 1.0449039936065674, 1.0450401306152344, -1.0456089973449707]"
1,"[1, 1, 1, 1, 1, 1, 1, 0]","[1, 1, 1, 1, 1, 1, 1, 0]","[-1.0487682819366455, -1.0570684671401978, -1.0420576333999634, -1.0444278717041016, -1.0446733236312866, -1.0486408472061157, -1.0421539545059204, 1.0421422719955444]"
2,"[1, 0, 1, 0, 1, 0, 1, 1]","[1, 1, 1, 1, 1, 1, 0, 1]","[-1.0536528825759888, 1.0451446771621704, -1.0494184494018555, 1.0414667129516602, -1.048474669456482, 1.0413200855255127, -1.0515546798706055, -1.046614646911621]"
3,"[0, 1, 0, 1, 0, 1, 0, 0]","[1, 1, 1, 1, 1, 1, 0, 0]","[1.0592496395111084, -1.056545615196228, 1.0542622804641724, -1.0419116020202637, 1.058234453201294, -1.0417965650558472, 1.049094796180725, 1.0474835634231567]"
4,"[1, 1, 0, 0, 1, 1, 0, 1]","[1, 1, 1, 1, 1, 0, 1, 1]","[-1.0491981506347656, -1.051653504371643, 1.0424474477767944, 1.0405991077423096, -1.0545493364334106, -1.0489072799682617, 1.0423508882522583, -1.0496755838394165]"
5,"[0, 0, 1, 1, 0, 0, 1, 0]","[1, 1, 1, 1, 1, 0, 1, 0]","[1.058666706085205, 1.0550776720046997, -1.0417066812515259, -1.0434842109680176, 1.0552244186401367, 1.046868920326233, -1.0416938066482544, 1.0457003116607666]"
6,"[0, 1, 1, 0, 0, 1, 1, 1]","[1, 1, 1, 1, 1, 0, 0, 1]","[1.0614553689956665, -1.0471400022506714, -1.044643521308899, 1.0416004657745361, 1.0536614656448364, -1.0409444570541382, -1.044046401977539, -1.0424858331680298]"
7,"[1, 0, 0, 1, 1, 0, 0, 0]","[1, 1, 1, 1, 1, 0, 0, 0]","[-1.0492335557937622, 1.0546094179153442, 1.0538661479949951, -1.0423833131790161, -1.0484048128128052, 1.0459555387496948, 1.0482823848724365, 1.0487651824951172]"
8,"[1, 0, 0, 0, 1, 0, 0, 1]","[1, 1, 1, 1, 0, 1, 1, 1]","[-1.051345705986023, 1.0404696464538574, 1.0432215929031372, 1.0384036302566528, -1.0509368181228638, 1.0386812686920166, 1.040122628211975, -1.0451936721801758]"
9,"[1, 1, 1, 1, 1, 1, 1, 0]","[1, 1, 1, 1, 0, 1, 1, 0]","[-1.0125274658203125, -1.0541505813598633, -1.0375553369522095, -1.0392411947250366, -0.6711664795875549, -1.0404090881347656, -1.0381261110305786, 1.041904330253601]"
10,"[0, 0, 1, 0, 0, 0, 1, 1]","[1, 1, 1, 1, 0, 1, 0, 1]","[1.0626426935195923, 1.0488547086715698, -1.0453304052352905, 1.0415905714035034, 1.0454922914505005, 1.0433275699615479, -1.040901780128479, -1.0387548208236694]"
11,"[1, 1, 0, 1, 1, 1, 0, 0]","[1, 1, 1, 1, 0, 1, 0, 0]","[-1.0471279621124268, -1.0542479753494263, 1.0532350540161133, -1.0405826568603516, -1.053091049194336, -1.0441182851791382, 1.048832654953003, 1.0480320453643799]"
12,"[0, 1, 0, 0, 0, 1, 0, 1]","[1, 1, 1, 1, 0, 0, 1, 1]","[1.0653126239776611, -1.0458613634109497, 1.0484774112701416, 1.0430623292922974, 1.0532044172286987, -1.0417590141296387, 1.0451468229293823, -1.039002776145935]"
13,"[1, 0, 1, 1, 1, 0, 1, 0]","[1, 1, 1, 1, 0, 0, 1, 0]","[-1.042457103729248, 1.058621883392334, -1.040237307548523, -1.0438989400863647, -1.049689531326294, 1.0487239360809326, -1.0420175790786743, 1.047433853149414]"
14,"[0, 1, 1, 0, 1, 1, 1, 1]","[1, 1, 1, 1, 0, 0, 0, 1]","[1.061553955078125, -1.0379177331924438, -1.040025234222412, 1.0410312414169312, -1.0459598302841187, -1.0336284637451172, -1.0337437391281128, -1.037358283996582]"
15,"[0, 0, 0, 1, 0, 0, 0, 0]","[1, 1, 1, 1, 0, 0, 0, 0]","[1.0494743585586548, 1.0510923862457275, 1.0523332357406616, -1.045762300491333, 1.0428138971328735, 1.0451955795288086, 1.0458234548568726, 1.0467499494552612]"
16,"[1, 1, 1, 1, 0, 0, 0, 1]","[1, 1, 1, 0, 1, 1, 1, 1]","[-1.0525959730148315, -1.0508168935775757, -1.0477222204208374, -1.0479446649551392, 1.0402615070343018, 1.0390617847442627, 1.0398164987564087, -1.0463924407958984]"
17,"[1, 1, 1, 0, 1, 1, 1, 0]","[1, 1, 1, 0, 1, 1, 1, 0]","[-1.0020949840545654, -0.8499948978424072, -0.8532172441482544, 1.0235934257507324, -1.0324523448944092, -1.0401997566223145, -1.0384081602096558, 1.0392858982086182]"
18,"[0, 1, 0, 1, 1, 0, 1, 1]","[1, 1, 1, 0, 1, 1, 0, 1]","[1.0631294250488281, -1.047279715538025, 1.0505369901657104, -1.0426534414291382, -1.0418953895568848, 1.04277503490448, -1.0420197248458862, -1.0393961668014526]"
19,"[1, 0, 1, 0, 0, 1, 0, 0]","[1, 1, 1, 0, 1, 1, 0, 0]","[-1.045642375946045, 1.0598503351211548, -1.0504236221313477, 1.0461795330047607, 1.057606816291809, -1.0415107011795044, 1.049171805381775, 1.0474532842636108]"
20,"[0, 0, 1, 1, 1, 1, 0, 1]","[1, 1, 1, 0, 1, 0, 1, 1]","[1.0622022151947021, 1.0583916902542114, -1.0508875846862793, -1.0426244735717773, -1.0476387739181519, -1.040723204612732, 1.0441879034042358, -1.0385929346084595]"
21,"[1, 1, 0, 0, 0, 0, 1, 0]","[1, 1, 1, 0, 1, 0, 1, 0]","[-1.041782021522522, -1.050302505493164, 1.0572805404663086, 1.0502346754074097, 1.055419683456421, 1.0513890981674194, -1.0413858890533447, 1.0476963520050049]"
22,"[0, 0, 0, 1, 0, 1, 1, 1]","[1, 1, 1, 0, 1, 0, 0, 1]","[1.0410141944885254, 1.0501996278762817, 1.0487409830093384, -1.0383871793746948, 1.0552995204925537, -1.034487009048462, -1.03512442111969, -1.0379751920700073]"
23,"[0, 1, 1, 0, 1, 0, 0, 0]","[1, 1, 1, 0, 1, 0, 0, 0]","[1.05330228805542, -1.0476478338241577, -1.0503686666488647, 1.043233871459961, -1.051615834236145, 1.0431309938430786, 1.0445972681045532, 1.046884536743164]"
24,"[0, 1, 1, 1, 1, 0, 0, 1]","[1, 1, 1, 0, 0, 1, 1, 1]","[1.060155987739563, -1.0452426671981812, -1.0474029779434204, -1.0414372682571411, -1.044044017791748, 1.0409296751022339, 1.0422695875167847, -1.0399049520492554]"
25,"[1, 0, 0, 0, 0, 1, 1, 0]","[1, 1, 1, 0, 0, 1, 1, 0]","[-1.0446332693099976, 1.0588728189468384, 1.0581213235855103, 1.0472097396850586, 1.054774522781372, -1.0435022115707397, -1.040457010269165, 1.0458463430404663]"
26,"[1, 1, 0, 1, 0, 0, 1, 1]","[1, 1, 1, 0, 0, 1, 0, 1]","[-1.038892388343811, -1.0451455116271973, 1.0517948865890503, -1.035017967224121, 1.0509577989578247, 1.0428463220596313, -1.0309938192367554, -1.0357733964920044]"
27,"[0, 0, 1, 0, 1, 1, 0, 0]","[1, 1, 1, 0, 0, 1, 0, 0]","[1.049378514289856, 1.058453917503357, -1.0514274835586548, 1.044467806816101, -1.0536839962005615, -1.045395016670227, 1.0423191785812378, 1.0448286533355713]"
28,"[1, 0, 1, 1, 0, 1, 0, 1]","[1, 1, 1, 0, 0, 0, 1, 1]","[-1.0354816913604736, 1.0579767227172852, -1.0476744174957275, -1.0392773151397705, 1.052890419960022, -1.0395026206970215, 1.044338345527649, -1.0385653972625732]"
29,"[0, 1, 0, 0, 1, 0, 1, 0]","[1, 1, 1, 0, 0, 0, 1, 0]","[1.0543317794799805, -1.0515350103378296, 1.055322527885437, 1.0481139421463013, -1.0536179542541504, 1.0490179061889648, -1.0455262660980225, 1.0458649396896362]"
30,"[0, 0, 0, 1, 1, 1, 1, 1]","[1, 1, 1, 0, 0, 0, 0, 1]","[1.0548449754714966, 1.048053503036499, 1.047921061515808, -1.0414785146713257, -1.0479416847229004, -1.0379185676574707, -1.0365973711013794, -1.04129958152771]"
31,"[1, 1, 1, 0, 0, 0, 0, 0]","[1, 1, 1, 0, 0, 0, 0, 0]","[-1.0458837747573853, -1.0507272481918335, -1.0508995056152344, 1.0394240617752075, 1.0419281721115112, 1.0404120683670044, 1.039857268333435, 1.0402110815048218]"
32,"[1, 0, 1, 0, 0, 0, 0, 1]","[1, 1, 0, 1, 1, 1, 1, 1]","[-1.0533949136734009, 1.042207956314087, -1.0467002391815186, 1.0380853414535522, 1.0392042398452759, 1.0391132831573486, 1.0390560626983643, -1.0467714071273804]"
33,"[0, 1, 0, 1, 1, 1, 1, 0]","[1, 1, 0, 1, 1, 1, 1, 0]","[1.0586788654327393, -1.0543348789215088, 1.054269790649414, -1.0387877225875854, -1.0431976318359375, -1.040051817893982, -1.0397748947143555, 1.0412800312042236]"
34,"[0, 0, 0, 0, 1, 0, 1, 1]","[1, 1, 0, 1, 1, 1, 0, 1]","[1.05526602268219, 1.0482293367385864, 1.0468711853027344, 1.0410993099212646, -1.044298768043518, 1.042283058166504, -1.0448174476623535, -1.0421645641326904]"
35,"[1, 1, 1, 1, 0, 1, 0, 0]","[1, 1, 0, 1, 1, 1, 0, 0]","[-1.043538212776184, -1.053518533706665, -1.0510629415512085, -1.0399636030197144, 1.056012749671936, -1.041187047958374, 1.0466243028640747, 1.0453201532363892]"
36,"[0, 1, 1, 0, 1, 1, 0, 1]","[1, 1, 0, 1, 1, 0, 1, 1]","[1.0286152362823486, -1.0468947887420654, -1.051552414894104, 1.0379135608673096, -1.046386480331421, -1.0444871187210083, 1.0396788120269775, -1.0448212623596191]"
37,"[1, 0, 0, 1, 0, 0, 1, 0]","[1, 1, 0, 1, 1, 0, 1, 0]","[-1.042903184890747, 1.056101679801941, 1.0579884052276611, -1.0425034761428833, 1.0520954132080078, 1.0459914207458496, -1.0406067371368408, 1.0437487363815308]"
38,"[1, 1, 0, 0, 0, 1, 1, 1]","[1, 1, 0, 1, 1, 0, 0, 1]","[-1.0397284030914307, -1.0436931848526, 1.049581527709961, 1.036779522895813, 1.0549674034118652, -1.0404380559921265, -1.0385502576828003, -1.038079023361206]"
39,"[0, 0, 1, 1, 1, 0, 0, 0]","[1, 1, 0, 1, 1, 0, 0, 0]","[1.0363768339157104, 1.0507354736328125, -1.050939679145813, -1.0440036058425903, -1.052027940750122, 1.0403345823287964, 1.0413037538528442, 1.0446624755859375]"
40,"[0, 0, 1, 0, 1, 0, 0, 1]","[1, 1, 0, 1, 0, 1, 1, 1]","[1.0475140810012817, 1.0430428981781006, -1.0478092432022095, 1.0356799364089966, -1.0475126504898071, 1.0354286432266235, 1.0372350215911865, -1.041227102279663]"
41,"[1, 1, 0, 1, 0, 1, 1, 0]","[1, 1, 0, 1, 0, 1, 1, 0]","[-1.0323991775512695, -1.0532937049865723, 1.0563653707504272, -1.0408248901367188, 1.051795482635498, -1.0426828861236572, -1.0394738912582397, 1.043198585510254]"
42,"[1, 0, 0, 0, 0, 0, 1, 1]","[1, 1, 0, 1, 0, 1, 0, 1]","[-1.042603611946106, 1.0502060651779175, 1.048835039138794, 1.0350512266159058, 1.0488981008529663, 1.0395104885101318, -1.035492181777954, -1.0367591381072998]"
43,"[0, 1, 1, 1, 1, 1, 0, 0]","[1, 1, 0, 1, 0, 1, 0, 0]","[1.0495494604110718, -1.055881381034851, -1.0543402433395386, -1.0424681901931763, -1.053435206413269, -1.0455420017242432, 1.041664481163025, 1.0440539121627808]"
44,"[1, 1, 1, 0, 0, 1, 0, 1]","[1, 1, 0, 1, 0, 0, 1, 1]","[-1.0370908975601196, -1.043483853340149, -1.0479787588119507, 1.035404086112976, 1.0523631572723389, -1.0410537719726562, 1.04103684425354, -1.0382959842681885]"
45,"[0, 0, 0, 1, 1, 0, 1, 0]","[1, 1, 0, 1, 0, 0, 1, 0]","[1.0473133325576782, 1.0543265342712402, 1.0589697360992432, -1.0459777116775513, -1.0515714883804321, 1.0446606874465942, -1.0435426235198975, 1.0446816682815552]"
46,"[0, 1, 0, 0, 1, 1, 1, 1]","[1, 1, 0, 1, 0, 0, 0, 1]","[1.0558393001556396, -1.0465894937515259, 1.053310751914978, 1.0386898517608643, -1.0524630546569824, -1.0409804582595825, -1.0381063222885132, -1.0417463779449463]"
47,"[0, 0, 1, 1, 0, 0, 0, 0]","[1, 1, 0, 1, 0, 0, 0, 0]","[1.0218220949172974, 1.04523503780365, -1.0523293018341064, -1.0487970113754272, 1.039608359336853, 1.0398112535476685, 1.0399020910263062, 1.0438148975372314]"
48,"[0, 1, 0, 1, 0, 0, 0, 1]","[1, 1, 0, 0, 1, 1, 1, 1]","[1.0421770811080933, -1.0467338562011719, 1.0432240962982178, -1.0447217226028442, 1.0384221076965332, 1.038549780845642, 1.0383915901184082, -1.0408170223236084]"
49,"[1, 0, 1, 0, 1, 1, 1, 0]","[1, 1, 0, 0, 1, 1, 1, 0]","[-1.0454542636871338, 1.056213140487671, -1.0481469631195068, 1.0444146394729614, -1.0395457744598389, -1.0406509637832642, -1.0382510423660278, 1.0425935983657837]"
50,"[1, 1, 1, 1, 1, 0, 1, 1]","[1, 1, 0, 0, 1, 1, 0, 1]","[-1.0317151546478271, -1.0460790395736694, -1.0451490879058838, -1.0395293235778809, -1.0418736934661865, 1.0415951013565063, -1.0364274978637695, -1.035342812538147]"
51,"[0, 0, 0, 0, 0, 1, 0, 0]","[1, 1, 0, 0, 1, 1, 0, 0]","[1.0494340658187866, 1.059099793434143, 1.0488696098327637, 1.0424691438674927, 1.053452968597412, -1.044634222984314, 1.0433907508850098, 1.0441882610321045]"
52,"[1, 0, 0, 1, 1, 1, 0, 1]","[1, 1, 0, 0, 1, 0, 1, 1]","[-1.0341836214065552, 1.0578868389129639, 1.0508372783660889, -1.037792682647705, -1.0441275835037231, -1.0376516580581665, 1.042685627937317, -1.0366593599319458]"
53,"[0, 1, 1, 0, 0, 0, 1, 0]","[1, 1, 0, 0, 1, 0, 1, 0]","[1.051315426826477, -1.0522470474243164, -1.0513296127319336, 1.046474575996399, 1.047334909439087, 1.046981930732727, -1.0433745384216309, 1.0445234775543213]"
54,"[0, 0, 1, 1, 0, 1, 1, 1]","[1, 1, 0, 0, 1, 0, 0, 1]","[1.0514707565307617, 1.0476659536361694, -1.0510280132293701, -1.0449327230453491, 1.0520055294036865, -1.0403097867965698, -1.041671633720398, -1.0409634113311768]"
55,"[1, 1, 0, 0, 1, 0, 0, 0]","[1, 1, 0, 0, 1, 0, 0, 0]","[-1.0540897846221924, -1.0490474700927734, 1.046393871307373, 1.0406347513198853, -1.0539019107818604, 1.0405218601226807, 1.0410027503967285, 1.0438759326934814]"
56,"[0, 1, 0, 1, 1, 0, 0, 1]","[1, 1, 0, 0, 0, 1, 1, 1]","[1.047803282737732, -1.0492162704467773, 1.0443390607833862, -1.0443944931030273, -1.0386378765106201, 1.0385843515396118, 1.0393812656402588, -1.0423294305801392]"
57,"[0, 0, 1, 0, 0, 1, 1, 0]","[1, 1, 0, 0, 0, 1, 1, 0]","[1.0315297842025757, 1.0545563697814941, -1.0539602041244507, 1.044533371925354, 1.0564556121826172, -1.0455808639526367, -1.0411995649337769, 1.0436075925827026]"
58,"[0, 1, 1, 1, 0, 0, 1, 1]","[1, 1, 0, 0, 0, 1, 0, 1]","[1.04692542552948, -1.051669955253601, -1.050715446472168, -1.0439624786376953, 1.0505552291870117, 1.0383620262145996, -1.0409835577011108, -1.0406122207641602]"
59,"[1, 0, 0, 0, 1, 1, 0, 0]","[1, 1, 0, 0, 0, 1, 0, 0]","[-1.0558909177780151, 1.058880090713501, 1.0469688177108765, 1.0423041582107544, -1.0525293350219727, -1.046919345855713, 1.0385605096817017, 1.0425665378570557]"
60,"[0, 0, 0, 1, 0, 1, 0, 1]","[1, 1, 0, 0, 0, 0, 1, 1]","[1.0593525171279907, 1.056032657623291, 1.0520294904708862, -1.0480748414993286, 1.052261471748352, -1.0438382625579834, 1.0424253940582275, -1.0426980257034302]"
61,"[1, 1, 1, 0, 1, 0, 1, 0]","[1, 1, 0, 0, 0, 0, 1, 0]","[-1.054311752319336, -1.0537766218185425, -1.0522381067276, 1.046701192855835, -1.0550390481948853, 1.0468682050704956, -1.0465734004974365, 1.0444355010986328]"
62,"[0, 0, 1, 1, 1, 1, 1, 1]","[1, 1, 0, 0, 0, 0, 0, 1]","[1.027347207069397, 1.0485957860946655, -1.0545070171356201, -1.0469794273376465, -1.053505778312683, -1.0434441566467285, -1.044490933418274, -1.0463390350341797]"
63,"[1, 1, 0, 0, 0, 0, 0, 0]","[1, 1, 0, 0, 0, 0, 0, 0]","[-1.0408039093017578, -1.045121192932129, 1.0470036268234253, 1.0439510345458984, 1.0440438985824585, 1.042192816734314, 1.0422793626785278, 1.044903039932251]"
64,"[1, 1, 0, 0, 0, 0, 0, 1]","[1, 0, 1, 1, 1, 1, 1, 1]","[-1.0427175760269165, -1.048717737197876, 1.0441150665283203, 1.0385425090789795, 1.040486454963684, 1.040740728378296, 1.0408169031143188, -1.048877239227295]"
65,"[1, 1, 1, 1, 1, 1, 1, 0]","[1, 0, 1, 1, 1, 1, 1, 0]","[-1.0400315523147583, -0.028388798236846924, -1.040751576423645, -1.0386511087417603, -1.0398920774459839, -1.0398690700531006, -1.0394456386566162, 1.0413403511047363]"
66,"[0, 1, 1, 0, 1, 0, 1, 1]","[1, 0, 1, 1, 1, 1, 0, 1]","[1.056342601776123, -1.0608021020889282, -1.0456328392028809, 1.0417755842208862, -1.044224739074707, 1.0430747270584106, -1.045433521270752, -1.0420564413070679]"
67,"[1, 0, 0, 1, 0, 1, 0, 0]","[1, 0, 1, 1, 1, 1, 0, 0]","[-1.0423508882522583, 1.0566940307617188, 1.053489089012146, -1.040297031402588, 1.0563702583312988, -1.0411266088485718, 1.045918583869934, 1.044384479522705]"
68,"[0, 0, 0, 0, 1, 1, 0, 1]","[1, 0, 1, 1, 1, 0, 1, 1]","[1.0493532419204712, 1.0455420017242432, 1.0448027849197388, 1.0363647937774658, -1.0474152565002441, -1.0446065664291382, 1.0393056869506836, -1.0454621315002441]"
69,"[1, 1, 1, 1, 0, 0, 1, 0]","[1, 0, 1, 1, 1, 0, 1, 0]","[-1.041511058807373, -1.0543146133422852, -1.0413053035736084, -1.0433353185653687, 1.0524088144302368, 1.0446033477783203, -1.0413047075271606, 1.0429470539093018]"
70,"[1, 0, 1, 0, 0, 1, 1, 1]","[1, 0, 1, 1, 1, 0, 0, 1]","[-1.0397080183029175, 1.048958420753479, -1.0407477617263794, 1.0379140377044678, 1.0548144578933716, -1.040174961090088, -1.0388425588607788, -1.0379096269607544]"
71,"[0, 1, 0, 1, 1, 0, 0, 0]","[1, 0, 1, 1, 1, 0, 0, 0]","[1.0343927145004272, -1.0513837337493896, 1.0505777597427368, -1.0437307357788086, -1.0512652397155762, 1.039629340171814, 1.0414212942123413, 1.043455719947815]"
72,"[0, 1, 0, 0, 1, 0, 0, 1]","[1, 0, 1, 1, 0, 1, 1, 1]","[1.0486946105957031, -1.0521230697631836, 1.0424894094467163, 1.0355044603347778, -1.0469038486480713, 1.0358668565750122, 1.037529706954956, -1.0423303842544556]"
73,"[1, 0, 1, 1, 0, 1, 1, 0]","[1, 0, 1, 1, 0, 1, 1, 0]","[-1.0449132919311523, 1.0579982995986938, -1.0417839288711548, -1.0410847663879395, 1.0524159669876099, -1.043094277381897, -1.0394874811172485, 1.0424590110778809]"
74,"[1, 1, 1, 0, 0, 0, 1, 1]","[1, 0, 1, 1, 0, 1, 0, 1]","[-1.0435726642608643, -1.056295394897461, -1.042170524597168, 1.0356882810592651, 1.0485951900482178, 1.0405877828598022, -1.0355370044708252, -1.0374139547348022]"
75,"[0, 0, 0, 1, 1, 1, 0, 0]","[1, 0, 1, 1, 0, 1, 0, 0]","[1.0488594770431519, 1.0589491128921509, 1.0510904788970947, -1.0420958995819092, -1.0528628826141357, -1.0457960367202759, 1.0414856672286987, 1.0429596900939941]"
76,"[1, 0, 0, 0, 0, 1, 0, 1]","[1, 0, 1, 1, 0, 0, 1, 1]","[-1.0393996238708496, 1.0484274625778198, 1.0503062009811401, 1.0342729091644287, 1.0519490242004395, -1.0418065786361694, 1.0404932498931885, -1.0389139652252197]"
77,"[0, 1, 1, 1, 1, 0, 1, 0]","[1, 0, 1, 1, 0, 0, 1, 0]","[1.048704743385315, -1.05517578125, -1.0452791452407837, -1.0455180406570435, -1.0510791540145874, 1.0422016382217407, -1.0430774688720703, 1.0434882640838623]"
78,"[0, 0, 1, 0, 1, 1, 1, 1]","[1, 0, 1, 1, 0, 0, 0, 1]","[1.0565180778503418, 1.0468779802322388, -1.0477670431137085, 1.03765869140625, -1.0527738332748413, -1.0420328378677368, -1.0394643545150757, -1.0427188873291016]"
79,"[0, 1, 0, 1, 0, 0, 0, 0]","[1, 0, 1, 1, 0, 0, 0, 0]","[1.0081462860107422, -1.0527026653289795, 1.0475174188613892, -1.0485578775405884, 1.0390379428863525, 1.0397595167160034, 1.0404019355773926, 1.0429853200912476]"
80,"[0, 0, 1, 1, 0, 0, 0, 1]","[1, 0, 1, 0, 1, 1, 1, 1]","[1.0335233211517334, 1.0432146787643433, -1.044805645942688, -1.0454633235931396, 1.038285493850708, 1.0387641191482544, 1.0383501052856445, -1.0429496765136719]"
81,"[1, 1, 0, 0, 1, 1, 1, 0]","[1, 0, 1, 0, 1, 1, 1, 0]","[-1.0433571338653564, -1.0412321090698242, 1.0474944114685059, 1.043119192123413, -1.0400221347808838, -1.0409129858016968, -1.037899136543274, 1.0422406196594238]"
82,"[1, 0, 0, 1, 1, 0, 1, 1]","[1, 0, 1, 0, 1, 1, 0, 1]","[-1.0302691459655762, 1.046844482421875, 1.049278736114502, -1.0396848917007446, -1.04202401638031, 1.0419965982437134, -1.0361841917037964, -1.0358881950378418]"
83,"[0, 1, 1, 0, 0, 1, 0, 0]","[1, 0, 1, 0, 1, 1, 0, 0]","[1.0518066883087158, -1.0427178144454956, -1.0537734031677246, 1.041332483291626, 1.0538415908813477, -1.0450671911239624, 1.042267918586731, 1.0431861877441406]"
84,"[1, 1, 1, 1, 1, 1, 0, 1]","[1, 0, 1, 0, 1, 0, 1, 1]","[-1.0358425378799438, -1.0485315322875977, -1.0497971773147583, -1.0384646654129028, -1.0448695421218872, -1.0382496118545532, 1.0425728559494019, -1.0368937253952026]"
85,"[0, 0, 0, 0, 0, 0, 1, 0]","[1, 0, 1, 0, 1, 0, 1, 0]","[1.0536450147628784, 1.0470932722091675, 1.0539836883544922, 1.0453243255615234, 1.0479542016983032, 1.0453276634216309, -1.0427672863006592, 1.0438215732574463]"
86,"[0, 1, 0, 1, 0, 1, 1, 1]","[1, 0, 1, 0, 1, 0, 0, 1]","[1.0482265949249268, -1.0550305843353271, 1.0458210706710815, -1.0454374551773071, 1.0518608093261719, -1.0412770509719849, -1.0428435802459717, -1.0421667098999023]"
87,"[1, 0, 1, 0, 1, 0, 0, 0]","[1, 0, 1, 0, 1, 0, 0, 0]","[-1.056916356086731, 1.0453507900238037, -1.0490608215332031, 1.0396535396575928, -1.0537244081497192, 1.0397378206253052, 1.0410425662994385, 1.0433464050292969]"
88,"[0, 0, 1, 1, 1, 0, 0, 1]","[1, 0, 1, 0, 0, 1, 1, 1]","[1.0370749235153198, 1.0378496646881104, -1.0496995449066162, -1.0448429584503174, -1.0439428091049194, 1.038675308227539, 1.0391212701797485, -1.042941927909851]"
89,"[0, 1, 0, 0, 0, 1, 1, 0]","[1, 0, 1, 0, 0, 1, 1, 0]","[1.0429730415344238, -1.0434244871139526, 1.0517464876174927, 1.0439952611923218, 1.0560410022735596, -1.0450036525726318, -1.0399450063705444, 1.0428588390350342]"
90,"[0, 0, 0, 1, 0, 0, 1, 1]","[1, 0, 1, 0, 0, 1, 0, 1]","[1.0494399070739746, 1.0434099435806274, 1.046064853668213, -1.0441004037857056, 1.0501654148101807, 1.0397647619247437, -1.0415819883346558, -1.0413801670074463]"
91,"[1, 1, 1, 0, 1, 1, 0, 0]","[1, 0, 1, 0, 0, 1, 0, 0]","[-1.0558050870895386, -1.0439722537994385, -1.0508211851119995, 1.0414046049118042, -1.052507758140564, -1.0470224618911743, 1.0386474132537842, 1.0423879623413086]"
92,"[0, 1, 1, 1, 0, 1, 0, 1]","[1, 0, 1, 0, 0, 0, 1, 1]","[1.0593736171722412, -1.052651286125183, -1.0525425672531128, -1.0480051040649414, 1.0522171258926392, -1.0444856882095337, 1.0420838594436646, -1.043310284614563]"
93,"[1, 0, 0, 0, 1, 0, 1, 0]","[1, 0, 1, 0, 0, 0, 1, 0]","[-1.0561459064483643, 1.046775460243225, 1.0537481307983398, 1.0444670915603638, -1.0548522472381592, 1.0440168380737305, -1.0462796688079834, 1.0436286926269531]"
94,"[1, 1, 0, 1, 1, 1, 1, 1]","[1, 0, 1, 0, 0, 0, 0, 1]","[-1.0596113204956055, -1.0592973232269287, 1.0445457696914673, -1.0470154285430908, -1.0545861721038818, -1.044761300086975, -1.0458366870880127, -1.04705011844635]"
95,"[0, 0, 1, 0, 0, 0, 0, 0]","[1, 0, 1, 0, 0, 0, 0, 0]","[1.0431991815567017, 1.0446221828460693, -1.0492802858352661, 1.040412425994873, 1.0396289825439453, 1.0391777753829956, 1.038425326347351, 1.0401577949523926]"
96,"[0, 1, 1, 0, 0, 0, 0, 1]","[1, 0, 0, 1, 1, 1, 1, 1]","[1.0436266660690308, -1.0526435375213623, -1.0483500957489014, 1.0354944467544556, 1.036953091621399, 1.0374329090118408, 1.037683367729187, -1.0459469556808472]"
97,"[1, 0, 0, 1, 1, 1, 1, 0]","[1, 0, 0, 1, 1, 1, 1, 0]","[-1.0410200357437134, 1.056262731552124, 1.0582690238952637, -1.0428121089935303, -1.0431580543518066, -1.0435001850128174, -1.0412061214447021, 1.04097318649292]"
98,"[1, 1, 0, 0, 1, 0, 1, 1]","[1, 0, 0, 1, 1, 1, 0, 1]","[-1.042121410369873, -1.0565096139907837, 1.049194097518921, 1.0393400192260742, -1.0404529571533203, 1.0388927459716797, -1.0388026237487793, -1.0401517152786255]"
99,"[0, 0, 1, 1, 0, 1, 0, 0]","[1, 0, 0, 1, 1, 1, 0, 0]","[1.0536800622940063, 1.0586116313934326, -1.0535564422607422, -1.0426496267318726, 1.052665114402771, -1.0454179048538208, 1.0426379442214966, 1.0421591997146606]"
100,"[0, 0, 1, 0, 1, 1, 0, 1]","[1, 0, 0, 1, 1, 0, 1, 1]","[0.9977068305015564, 1.0441336631774902, -1.0505106449127197, 1.019943356513977, -1.0358221530914307, -1.0451444387435913, 1.0294220447540283, -1.0458115339279175]"
101,"[0, 1, 0, 1, 0, 0, 1, 0]","[1, 0, 0, 1, 1, 0, 1, 0]","[1.0519702434539795, -1.055960774421692, 1.0583893060684204, -1.0452157258987427, 1.0437085628509521, 1.0434836149215698, -1.0452247858047485, 1.0432251691818237]"
102,"[0, 0, 0, 0, 0, 1, 1, 1]","[1, 0, 0, 1, 1, 0, 0, 1]","[1.0517600774765015, 1.047081708908081, 1.0516622066497803, 1.036122441291809, 1.0491952896118164, -1.033365249633789, -1.0390020608901978, -1.0389034748077393]"
103,"[1, 1, 1, 1, 1, 0, 0, 0]","[1, 0, 0, 1, 1, 0, 0, 0]","[-1.058752179145813, -1.0522434711456299, -1.051896095275879, -1.045427680015564, -1.0518525838851929, 1.0337660312652588, 1.0379997491836548, 1.0401099920272827]"
104,"[0, 1, 1, 0, 1, 0, 0, 1]","[1, 0, 0, 1, 0, 1, 1, 1]","[0.990238606929779, -1.0540051460266113, -1.0480449199676514, 1.029552698135376, -1.0452133417129517, 1.0338460206985474, 1.0350946187973022, -1.044127345085144]"
105,"[0, 0, 0, 1, 0, 1, 1, 0]","[1, 0, 0, 1, 0, 1, 1, 0]","[1.046337604522705, 1.059934377670288, 1.056980013847351, -1.041914701461792, 1.0540730953216553, -1.0454219579696655, -1.0414869785308838, 1.0416650772094727]"
106,"[0, 1, 0, 0, 0, 0, 1, 1]","[1, 0, 0, 1, 0, 1, 0, 1]","[1.04539155960083, -1.0579458475112915, 1.0503647327423096, 1.0372791290283203, 1.0485678911209106, 1.0401674509048462, -1.0421030521392822, -1.042719841003418]"
107,"[1, 0, 1, 1, 1, 1, 0, 0]","[1, 0, 0, 1, 0, 1, 0, 0]","[-1.055208683013916, 1.0574887990951538, -1.0536144971847534, -1.04281747341156, -1.051947832107544, -1.0472126007080078, 1.039649486541748, 1.0399909019470215]"
108,"[0, 0, 1, 0, 0, 1, 0, 1]","[1, 0, 0, 1, 0, 0, 1, 1]","[1.0567095279693604, 1.0451265573501587, -1.052947998046875, 1.0339127779006958, 1.0505925416946411, -1.0475049018859863, 1.0402395725250244, -1.04460608959198]"
109,"[1, 1, 0, 1, 1, 0, 1, 0]","[1, 0, 0, 1, 0, 0, 1, 0]","[-1.054443359375, -1.0564252138137817, 1.057552695274353, -1.0442874431610107, -1.0525481700897217, 1.0410776138305664, -1.0459927320480347, 1.0415352582931519]"
110,"[0, 0, 0, 0, 1, 1, 1, 1]","[1, 0, 0, 1, 0, 0, 0, 1]","[1.016550898551941, 1.0464764833450317, 1.0509449243545532, 1.0361334085464478, -1.0547544956207275, -1.0427863597869873, -1.0438823699951172, -1.044703483581543]"
111,"[0, 1, 1, 1, 0, 0, 0, 0]","[1, 0, 0, 1, 0, 0, 0, 0]","[1.0453636646270752, -1.0517057180404663, -1.05264413356781, -1.052517294883728, 1.0402721166610718, 1.0387824773788452, 1.0398917198181152, 1.0445971488952637]"
112,"[1, 0, 0, 1, 0, 0, 0, 1]","[1, 0, 0, 0, 1, 1, 1, 1]","[-1.0567437410354614, 1.0423035621643066, 1.0438218116760254, -1.0447551012039185, 1.0344128608703613, 1.03566312789917, 1.0355806350708008, -1.0442259311676025]"
113,"[0, 1, 1, 0, 1, 1, 1, 0]","[1, 0, 0, 0, 1, 1, 1, 0]","[1.0517529249191284, -1.04188072681427, -1.0522207021713257, 1.0434578657150269, -1.0423355102539062, -1.0444661378860474, -1.0418845415115356, 1.0425543785095215]"
114,"[0, 0, 1, 1, 1, 0, 1, 1]","[1, 0, 0, 0, 1, 1, 0, 1]","[1.0527836084365845, 1.0446183681488037, -1.05159330368042, -1.0473313331604004, -1.0467368364334106, 1.0402411222457886, -1.044448733329773, -1.0444746017456055]"
115,"[1, 1, 0, 0, 0, 1, 0, 0]","[1, 0, 0, 0, 1, 1, 0, 0]","[-1.0538861751556396, -1.0425870418548584, 1.0495274066925049, 1.041297435760498, 1.0524426698684692, -1.0455987453460693, 1.0416418313980103, 1.0405619144439697]"
116,"[0, 1, 0, 1, 1, 1, 0, 1]","[1, 0, 0, 0, 1, 0, 1, 1]","[1.0589772462844849, -1.0528730154037476, 1.0497479438781738, -1.0477709770202637, -1.0490802526474, -1.0435410737991333, 1.0410867929458618, -1.0420595407485962]"
117,"[0, 0, 1, 0, 0, 0, 1, 0]","[1, 0, 0, 0, 1, 0, 1, 0]","[0.9867640137672424, 1.0455334186553955, -1.0507662296295166, 1.046262502670288, 1.0461331605911255, 1.0443570613861084, -1.0446146726608276, 1.0427463054656982]"
118,"[1, 1, 1, 1, 0, 1, 1, 1]","[1, 0, 0, 0, 1, 0, 0, 1]","[-1.0574357509613037, -1.0571484565734863, -1.0551021099090576, -1.049207091331482, 1.0426645278930664, -1.0469263792037964, -1.0482723712921143, -1.0456345081329346]"
119,"[0, 0, 0, 0, 1, 0, 0, 0]","[1, 0, 0, 0, 1, 0, 0, 0]","[1.0459396839141846, 1.0488444566726685, 1.048723578453064, 1.041725993156433, -1.054144263267517, 1.0402204990386963, 1.0405385494232178, 1.0428268909454346]"
120,"[0, 0, 0, 1, 1, 0, 0, 1]","[1, 0, 0, 0, 0, 1, 1, 1]","[1.0513712167739868, 1.041773796081543, 1.04483163356781, -1.0491278171539307, -1.0488096475601196, 1.0378608703613281, 1.038096308708191, -1.0482423305511475]"
121,"[1, 1, 1, 0, 0, 1, 1, 0]","[1, 0, 0, 0, 0, 1, 1, 0]","[-1.0598514080047607, -1.0460522174835205, -1.0549439191818237, 1.0430697202682495, 1.0552948713302612, -1.0459492206573486, -1.0431983470916748, 1.0395809412002563]"
122,"[1, 0, 1, 1, 0, 0, 1, 1]","[1, 0, 0, 0, 0, 1, 0, 1]","[-1.0602368116378784, 1.0433495044708252, -1.0539871454238892, -1.047829031944275, 1.0499917268753052, 1.039302945137024, -1.0461455583572388, -1.0454200506210327]"
123,"[0, 1, 0, 0, 1, 1, 0, 0]","[1, 0, 0, 0, 0, 1, 0, 0]","[1.0435643196105957, -1.0443625450134277, 1.048295021057129, 1.0426428318023682, -1.050398826599121, -1.0468519926071167, 1.041486382484436, 1.041235327720642]"
124,"[0, 1, 0, 1, 0, 1, 0, 1]","[1, 0, 0, 0, 0, 0, 1, 1]","[1.0455151796340942, -1.056257724761963, 1.0502920150756836, -1.047398328781128, 1.0512545108795166, -1.047312617301941, 1.0413963794708252, -1.0450360774993896]"
125,"[0, 0, 1, 0, 1, 0, 1, 0]","[1, 0, 0, 0, 0, 0, 1, 0]","[1.0474284887313843, 1.0474838018417358, -1.0546683073043823, 1.0452977418899536, -1.0564789772033691, 1.0456103086471558, -1.0475677251815796, 1.0417166948318481]"
126,"[0, 1, 1, 1, 1, 1, 1, 1]","[1, 0, 0, 0, 0, 0, 0, 1]","[1.0429582595825195, -1.058523416519165, -1.058070421218872, -1.0499039888381958, -1.0570363998413086, -1.0489908456802368, -1.0505110025405884, -1.044956088066101]"
127,"[1, 0, 0, 0, 0, 0, 0, 0]","[1, 0, 0, 0, 0, 0, 0, 0]","[-1.044237494468689, 1.0478694438934326, 1.0454849004745483, 1.0427390336990356, 1.0425431728363037, 1.04188871383667, 1.0436354875564575, 1.0441404581069946]"
128,"[1, 0, 0, 0, 0, 0, 0, 1]","[0, 1, 1, 1, 1, 1, 1, 1]","[-1.0517069101333618, 1.0473387241363525, 1.0480117797851562, 1.0393611192703247, 1.042539358139038, 1.0398260354995728, 1.0415664911270142, -1.0501995086669922]"
129,"[1, 1, 1, 1, 1, 1, 1, 0]","[0, 1, 1, 1, 1, 1, 1, 0]","[-0.9810485243797302, -1.056911587715149, -1.042453408241272, -1.044052004814148, -1.0451768636703491, -1.04892098903656, -1.0422768592834473, 1.0408116579055786]"
130,"[0, 0, 1, 0, 1, 0, 1, 1]","[0, 1, 1, 1, 1, 1, 0, 1]","[1.0419743061065674, 1.0455015897750854, -1.049361228942871, 1.0416812896728516, -1.0483202934265137, 1.0409103631973267, -1.0518757104873657, -1.0473175048828125]"
131,"[1, 1, 0, 1, 0, 1, 0, 0]","[0, 1, 1, 1, 1, 1, 0, 0]","[-1.0521548986434937, -1.056930422782898, 1.0543001890182495, -1.041773796081543, 1.0579063892364502, -1.0412664413452148, 1.0460655689239502, 1.043979525566101]"
132,"[0, 1, 0, 0, 1, 1, 0, 1]","[0, 1, 1, 1, 1, 0, 1, 1]","[1.0379564762115479, -1.0511361360549927, 1.0428297519683838, 1.0392069816589355, -1.0539928674697876, -1.0486083030700684, 1.040400743484497, -1.0501598119735718]"
133,"[1, 0, 1, 1, 0, 0, 1, 0]","[0, 1, 1, 1, 1, 0, 1, 0]","[-1.0490765571594238, 1.0550435781478882, -1.041780948638916, -1.0430876016616821, 1.0556483268737793, 1.0469826459884644, -1.041432499885559, 1.0445051193237305]"
134,"[1, 1, 1, 0, 0, 1, 1, 1]","[0, 1, 1, 1, 1, 0, 0, 1]","[-1.042088270187378, -1.046822428703308, -1.0449022054672241, 1.0386723279953003, 1.0538538694381714, -1.0409964323043823, -1.0437428951263428, -1.0414419174194336]"
135,"[0, 0, 0, 1, 1, 0, 0, 0]","[0, 1, 1, 1, 1, 0, 0, 0]","[1.0578175783157349, 1.053727626800537, 1.0542935132980347, -1.0416842699050903, -1.048879861831665, 1.0432034730911255, 1.046015739440918, 1.0461710691452026]"
136,"[0, 0, 0, 0, 1, 0, 0, 1]","[0, 1, 1, 1, 0, 1, 1, 1]","[1.0430907011032104, 1.0404481887817383, 1.0429551601409912, 1.036016583442688, -1.0498995780944824, 1.0380921363830566, 1.038746953010559, -1.0444377660751343]"
137,"[0, 1, 1, 1, 1, 1, 1, 0]","[0, 1, 1, 1, 0, 1, 1, 0]","[1.007012128829956, -1.0535824298858643, -1.0376800298690796, -1.0387119054794312, -0.2111077904701233, -1.039991855621338, -1.0378984212875366, 1.0418721437454224]"
138,"[1, 0, 1, 0, 0, 0, 1, 1]","[0, 1, 1, 1, 0, 1, 0, 1]","[-1.0484645366668701, 1.0487060546875, -1.044954538345337, 1.0385982990264893, 1.0455048084259033, 1.0414307117462158, -1.0406886339187622, -1.0395333766937256]"
139,"[0, 1, 0, 1, 1, 1, 0, 0]","[0, 1, 1, 1, 0, 1, 0, 0]","[1.0609186887741089, -1.0543485879898071, 1.053177833557129, -1.0401883125305176, -1.053104043006897, -1.044184923171997, 1.044222354888916, 1.0442925691604614]"
140,"[1, 1, 0, 0, 0, 1, 0, 1]","[0, 1, 1, 1, 0, 0, 1, 1]","[-1.0451687574386597, -1.0446580648422241, 1.0488005876541138, 1.0381591320037842, 1.053523302078247, -1.0415486097335815, 1.0414083003997803, -1.038794755935669]"
141,"[1, 0, 1, 1, 1, 0, 1, 0]","[0, 1, 1, 1, 0, 0, 1, 0]","[-1.0148099660873413, 1.0582263469696045, -1.0410829782485962, -1.0443527698516846, -1.0491565465927124, 1.0447393655776978, -1.0423928499221802, 1.0450499057769775]"
142,"[0, 1, 1, 0, 1, 1, 1, 1]","[0, 1, 1, 1, 0, 0, 0, 1]","[1.0613430738449097, -1.0377951860427856, -1.0411313772201538, 1.0379935503005981, -1.047210693359375, -1.034132957458496, -1.0347418785095215, -1.0383785963058472]"
143,"[0, 0, 0, 1, 0, 0, 0, 0]","[0, 1, 1, 1, 0, 0, 0, 0]","[1.041002631187439, 1.050357699394226, 1.051728367805481, -1.0445990562438965, 1.0375447273254395, 1.0415400266647339, 1.0413362979888916, 1.0441254377365112]"
144,"[0, 1, 1, 1, 0, 0, 0, 1]","[0, 1, 1, 0, 1, 1, 1, 1]","[1.0430301427841187, -1.0502070188522339, -1.0474810600280762, -1.047795057296753, 1.0383188724517822, 1.03773832321167, 1.0382622480392456, -1.0458621978759766]"
145,"[0, 1, 1, 0, 1, 1, 1, 0]","[0, 1, 1, 0, 1, 1, 1, 0]","[0.7408618927001953, -0.8364638090133667, -0.8353315591812134, 1.027121663093567, -1.0320619344711304, -1.0399621725082397, -1.0383549928665161, 1.0398008823394775]"
146,"[1, 1, 0, 1, 1, 0, 1, 1]","[0, 1, 1, 0, 1, 1, 0, 1]","[-1.0439246892929077, -1.047038197517395, 1.0507471561431885, -1.04314124584198, -1.0422554016113281, 1.041040062904358, -1.0421463251113892, -1.039636254310608]"
147,"[0, 0, 1, 0, 0, 1, 0, 0]","[0, 1, 1, 0, 1, 1, 0, 0]","[1.0584819316864014, 1.0598260164260864, -1.0509153604507446, 1.0412561893463135, 1.0574946403503418, -1.0418167114257812, 1.0455988645553589, 1.0448791980743408]"
148,"[1, 0, 1, 1, 1, 1, 0, 1]","[0, 1, 1, 0, 1, 0, 1, 1]","[-1.048313021659851, 1.0587669610977173, -1.0505635738372803, -1.042118787765503, -1.0470402240753174, -1.0402685403823853, 1.0422499179840088, -1.0380597114562988]"
149,"[0, 1, 0, 0, 0, 0, 1, 0]","[0, 1, 1, 0, 1, 0, 1, 0]","[1.06106436252594, -1.050323486328125, 1.0568771362304688, 1.0464856624603271, 1.0555448532104492, 1.0495572090148926, -1.0418481826782227, 1.0457710027694702]"
150,"[0, 0, 0, 1, 0, 1, 1, 1]","[0, 1, 1, 0, 1, 0, 0, 1]","[1.059638261795044, 1.0499653816223145, 1.0491704940795898, -1.0393903255462646, 1.055214524269104, -1.0351492166519165, -1.0360246896743774, -1.038445234298706]"
151,"[1, 1, 1, 0, 1, 0, 0, 0]","[0, 1, 1, 0, 1, 0, 0, 0]","[-1.044738531112671, -1.0477807521820068, -1.050519347190857, 1.0405539274215698, -1.0513381958007812, 1.0407246351242065, 1.0411559343338013, 1.0449104309082031]"
152,"[1, 1, 1, 1, 1, 0, 0, 1]","[0, 1, 1, 0, 0, 1, 1, 1]","[-1.0546057224273682, -1.0452040433883667, -1.0470070838928223, -1.041069746017456, -1.043654203414917, 1.0393882989883423, 1.0403838157653809, -1.0397779941558838]"
153,"[1, 0, 0, 0, 0, 1, 1, 0]","[0, 1, 1, 0, 0, 1, 1, 0]","[-1.0050240755081177, 1.0584962368011475, 1.0576205253601074, 1.0450953245162964, 1.0551410913467407, -1.0438600778579712, -1.0403335094451904, 1.0439380407333374]"
154,"[0, 1, 0, 1, 0, 0, 1, 1]","[0, 1, 1, 0, 0, 1, 0, 1]","[1.0584839582443237, -1.0468207597732544, 1.0519053936004639, -1.035832166671753, 1.050945520401001, 1.0405024290084839, -1.0325671434402466, -1.036157488822937]"
155,"[0, 0, 1, 0, 1, 1, 0, 0]","[0, 1, 1, 0, 0, 1, 0, 0]","[0.05532646179199219, 1.058573842048645, -1.0517194271087646, 1.0415654182434082, -1.053659200668335, -1.0456759929656982, 1.0376784801483154, 1.042549967765808]"
156,"[1, 0, 1, 1, 0, 1, 0, 1]","[0, 1, 1, 0, 0, 0, 1, 1]","[-0.9457959532737732, 1.0580862760543823, -1.0475316047668457, -1.0399625301361084, 1.0529365539550781, -1.0397008657455444, 1.0408309698104858, -1.0385648012161255]"
157,"[1, 1, 0, 0, 1, 0, 1, 0]","[0, 1, 1, 0, 0, 0, 1, 0]","[-1.0465871095657349, -1.0513668060302734, 1.0545629262924194, 1.0454672574996948, -1.0540173053741455, 1.0457223653793335, -1.0461490154266357, 1.044687271118164]"
158,"[0, 0, 0, 1, 1, 1, 1, 1]","[0, 1, 1, 0, 0, 0, 0, 1]","[1.0177019834518433, 1.0478134155273438, 1.047908902168274, -1.0427594184875488, -1.048493504524231, -1.0395721197128296, -1.0384032726287842, -1.0426093339920044]"
159,"[1, 1, 1, 0, 0, 0, 0, 0]","[0, 1, 1, 0, 0, 0, 0, 0]","[-1.042013168334961, -1.0510399341583252, -1.0509451627731323, 1.0409891605377197, 1.0427682399749756, 1.0405189990997314, 1.0393966436386108, 1.040929913520813]"
160,"[0, 0, 1, 0, 0, 0, 0, 1]","[0, 1, 0, 1, 1, 1, 1, 1]","[1.0449618101119995, 1.042351245880127, -1.046382188796997, 1.0364996194839478, 1.0381196737289429, 1.0377548933029175, 1.037562608718872, -1.047002911567688]"
161,"[1, 1, 0, 1, 1, 1, 1, 0]","[0, 1, 0, 1, 1, 1, 1, 0]","[-1.048967957496643, -1.053606629371643, 1.0539195537567139, -1.0386250019073486, -1.0425269603729248, -1.0405290126800537, -1.0403343439102173, 1.041106939315796]"
162,"[1, 0, 0, 0, 1, 0, 1, 1]","[0, 1, 0, 1, 1, 1, 0, 1]","[-1.057186484336853, 1.0482441186904907, 1.0465774536132812, 1.040306806564331, -1.0439034700393677, 1.0406630039215088, -1.0448777675628662, -1.0427920818328857]"
163,"[0, 1, 1, 1, 0, 1, 0, 0]","[0, 1, 0, 1, 1, 1, 0, 0]","[1.0474461317062378, -1.0536320209503174, -1.0513079166412354, -1.0398486852645874, 1.055772066116333, -1.041048526763916, 1.045469045639038, 1.0426959991455078]"
164,"[1, 1, 1, 0, 1, 1, 0, 1]","[0, 1, 0, 1, 1, 0, 1, 1]","[-1.0477616786956787, -1.0467233657836914, -1.051518201828003, 1.0358422994613647, -1.0466939210891724, -1.0442417860031128, 1.0377155542373657, -1.044771432876587]"
165,"[0, 0, 0, 1, 0, 0, 1, 0]","[0, 1, 0, 1, 1, 0, 1, 0]","[1.0552680492401123, 1.055948257446289, 1.0576549768447876, -1.0425629615783691, 1.0523271560668945, 1.045290470123291, -1.040337085723877, 1.0424572229385376]"
166,"[0, 1, 0, 0, 0, 1, 1, 1]","[0, 1, 0, 1, 1, 0, 0, 1]","[1.0591644048690796, -1.043548345565796, 1.0496793985366821, 1.0376497507095337, 1.0547518730163574, -1.0403634309768677, -1.0385671854019165, -1.0384457111358643]"
167,"[1, 0, 1, 1, 1, 0, 0, 0]","[0, 1, 0, 1, 1, 0, 0, 0]","[-1.0471054315567017, 1.049848198890686, -1.0510804653167725, -1.0437341928482056, -1.0522620677947998, 1.039795994758606, 1.04157555103302, 1.0428065061569214]"
168,"[1, 0, 1, 0, 1, 0, 0, 1]","[0, 1, 0, 1, 0, 1, 1, 1]","[-1.0535528659820557, 1.0426315069198608, -1.0474408864974976, 1.036790132522583, -1.0472356081008911, 1.0364124774932861, 1.0372542142868042, -1.0410652160644531]"
169,"[0, 1, 0, 1, 0, 1, 1, 0]","[0, 1, 0, 1, 0, 1, 1, 0]","[1.0628167390823364, -1.0530980825424194, 1.0560301542282104, -1.040543794631958, 1.052560567855835, -1.0429290533065796, -1.0390844345092773, 1.0431915521621704]"
170,"[1, 0, 0, 0, 0, 0, 1, 1]","[0, 1, 0, 1, 0, 1, 0, 1]","[-1.0126291513442993, 1.0505383014678955, 1.048634648323059, 1.036673665046692, 1.0488771200180054, 1.0405457019805908, -1.0369384288787842, -1.0375927686691284]"
171,"[1, 1, 1, 1, 1, 1, 0, 0]","[0, 1, 0, 1, 0, 1, 0, 0]","[-1.040116786956787, -1.055883765220642, -1.0546542406082153, -1.0423533916473389, -1.053430199623108, -1.0454663038253784, 1.0399547815322876, 1.0410274267196655]"
172,"[0, 1, 1, 0, 0, 1, 0, 1]","[0, 1, 0, 1, 0, 0, 1, 1]","[1.0574476718902588, -1.0432674884796143, -1.048295259475708, 1.0367794036865234, 1.0522512197494507, -1.0412766933441162, 1.040578007698059, -1.0390383005142212]"
173,"[1, 0, 0, 1, 1, 0, 1, 0]","[0, 1, 0, 1, 0, 0, 1, 0]","[-1.0474659204483032, 1.0537222623825073, 1.0587072372436523, -1.046246886253357, -1.0516481399536133, 1.0421278476715088, -1.0437971353530884, 1.0427039861679077]"
174,"[1, 1, 0, 0, 1, 1, 1, 1]","[0, 1, 0, 1, 0, 0, 0, 1]","[-1.044930100440979, -1.0462568998336792, 1.0531646013259888, 1.0384562015533447, -1.0524390935897827, -1.0423280000686646, -1.0389530658721924, -1.042412519454956]"
175,"[0, 0, 1, 1, 0, 0, 0, 0]","[0, 1, 0, 1, 0, 0, 0, 0]","[1.0493351221084595, 1.0453617572784424, -1.05222487449646, -1.0484164953231812, 1.037837266921997, 1.03872811794281, 1.0396987199783325, 1.0426427125930786]"
176,"[1, 1, 0, 1, 0, 0, 0, 1]","[0, 1, 0, 0, 1, 1, 1, 1]","[-1.0508413314819336, -1.0465259552001953, 1.0432870388031006, -1.043966293334961, 1.0382418632507324, 1.0386872291564941, 1.0384743213653564, -1.0416041612625122]"
177,"[0, 0, 1, 0, 1, 1, 1, 0]","[0, 1, 0, 0, 1, 1, 1, 0]","[1.0609859228134155, 1.0564275979995728, -1.04827880859375, 1.0446819067001343, -1.0402740240097046, -1.0407856702804565, -1.037845492362976, 1.0422128438949585]"
178,"[0, 1, 1, 1, 1, 0, 1, 1]","[0, 1, 0, 0, 1, 1, 0, 1]","[1.0559321641921997, -1.0470545291900635, -1.0453650951385498, -1.0398837327957153, -1.0423228740692139, 1.0415970087051392, -1.0371063947677612, -1.0358878374099731]"
179,"[1, 0, 0, 0, 0, 1, 0, 0]","[0, 1, 0, 0, 1, 1, 0, 0]","[-1.0452356338500977, 1.059087872505188, 1.0482701063156128, 1.0412417650222778, 1.0532479286193848, -1.044492483139038, 1.0430313348770142, 1.0429470539093018]"
180,"[0, 0, 0, 1, 1, 1, 0, 1]","[0, 1, 0, 0, 1, 0, 1, 1]","[1.0558096170425415, 1.0578027963638306, 1.0507612228393555, -1.0385417938232422, -1.0444386005401611, -1.0378416776657104, 1.0417801141738892, -1.0371161699295044]"
181,"[1, 1, 1, 0, 0, 0, 1, 0]","[0, 1, 0, 0, 1, 0, 1, 0]","[-1.0457428693771362, -1.052058219909668, -1.0515550374984741, 1.044729471206665, 1.0474003553390503, 1.0454658269882202, -1.0433576107025146, 1.04388427734375]"
182,"[1, 0, 1, 1, 0, 1, 1, 1]","[0, 1, 0, 0, 1, 0, 0, 1]","[-1.0472455024719238, 1.0474611520767212, -1.051347255706787, -1.0458699464797974, 1.0512664318084717, -1.0416744947433472, -1.0427494049072266, -1.0420243740081787]"
183,"[0, 1, 0, 0, 1, 0, 0, 0]","[0, 1, 0, 0, 1, 0, 0, 0]","[1.0493427515029907, -1.0485970973968506, 1.0462762117385864, 1.0410891771316528, -1.0541373491287231, 1.0401467084884644, 1.0412187576293945, 1.042929768562317]"
184,"[0, 1, 0, 1, 1, 0, 0, 1]","[0, 1, 0, 0, 0, 1, 1, 1]","[1.0331543684005737, -1.0498989820480347, 1.044219970703125, -1.0444401502609253, -1.0402028560638428, 1.039780855178833, 1.0396136045455933, -1.0423389673233032]"
185,"[1, 0, 1, 0, 0, 1, 1, 0]","[0, 1, 0, 0, 0, 1, 1, 0]","[-1.0519636869430542, 1.0549229383468628, -1.0540038347244263, 1.0432937145233154, 1.0563174486160278, -1.0459569692611694, -1.0412368774414062, 1.0415195226669312]"
186,"[1, 1, 1, 1, 0, 0, 1, 1]","[0, 1, 0, 0, 0, 1, 0, 1]","[-1.0507205724716187, -1.0523310899734497, -1.0511596202850342, -1.0447440147399902, 1.0502197742462158, 1.0395606756210327, -1.0422537326812744, -1.0419700145721436]"
187,"[0, 0, 0, 0, 1, 1, 0, 0]","[0, 1, 0, 0, 0, 1, 0, 0]","[1.0452505350112915, 1.0591617822647095, 1.0465242862701416, 1.0414372682571411, -1.052551031112671, -1.0466793775558472, 1.0374424457550049, 1.0403528213500977]"
188,"[1, 0, 0, 1, 0, 1, 0, 1]","[0, 1, 0, 0, 0, 0, 1, 1]","[-1.0453805923461914, 1.0560221672058105, 1.0520734786987305, -1.04853093624115, 1.052264928817749, -1.044657588005066, 1.0417957305908203, -1.043418049812317]"
189,"[0, 1, 1, 0, 1, 0, 1, 0]","[0, 1, 0, 0, 0, 0, 1, 0]","[1.04801607131958, -1.0539644956588745, -1.0526295900344849, 1.0447361469268799, -1.055535078048706, 1.0447442531585693, -1.046226978302002, 1.0423861742019653]"
190,"[0, 0, 1, 1, 1, 1, 1, 1]","[0, 1, 0, 0, 0, 0, 0, 1]","[1.047621726989746, 1.0481030941009521, -1.0553520917892456, -1.0479897260665894, -1.0541064739227295, -1.0448930263519287, -1.0460879802703857, -1.0470696687698364]"
191,"[1, 1, 0, 0, 0, 0, 0, 0]","[0, 1, 0, 0, 0, 0, 0, 0]","[-1.048790454864502, -1.0456081628799438, 1.0457655191421509, 1.040725827217102, 1.042121171951294, 1.0388590097427368, 1.0379804372787476, 1.0399169921875]"
192,"[1, 1, 0, 0, 0, 0, 0, 1]","[0, 0, 1, 1, 1, 1, 1, 1]","[-1.044264554977417, -1.0480060577392578, 1.0446093082427979, 1.0366928577423096, 1.0413497686386108, 1.0399463176727295, 1.0408356189727783, -1.048923134803772]"
193,"[0, 1, 1, 1, 1, 1, 1, 0]","[0, 0, 1, 1, 1, 1, 1, 0]","[1.0287220478057861, -0.252139151096344, -1.0405205488204956, -1.0385233163833618, -1.0393190383911133, -1.0404738187789917, -1.039781093597412, 1.0409780740737915]"
194,"[1, 1, 1, 0, 1, 0, 1, 1]","[0, 0, 1, 1, 1, 1, 0, 1]","[-1.057783842086792, -1.0607399940490723, -1.0452158451080322, 1.0407466888427734, -1.0436795949935913, 1.0409700870513916, -1.0451338291168213, -1.0426831245422363]"
195,"[0, 0, 0, 1, 0, 1, 0, 0]","[0, 0, 1, 1, 1, 1, 0, 0]","[1.0595782995224, 1.0575530529022217, 1.0535701513290405, -1.0400766134262085, 1.0559687614440918, -1.0410045385360718, 1.0461044311523438, 1.0428341627120972]"
196,"[1, 0, 0, 0, 1, 1, 0, 1]","[0, 0, 1, 1, 1, 0, 1, 1]","[-1.0509611368179321, 1.0455273389816284, 1.0446662902832031, 1.0349538326263428, -1.0475646257400513, -1.044333577156067, 1.0375096797943115, -1.0452979803085327]"
197,"[0, 1, 1, 1, 0, 0, 1, 0]","[0, 0, 1, 1, 1, 0, 1, 0]","[1.0572116374969482, -1.054503321647644, -1.0415304899215698, -1.04340660572052, 1.0526875257492065, 1.0439509153366089, -1.0410858392715454, 1.042388916015625]"
198,"[0, 0, 1, 0, 0, 1, 1, 1]","[0, 0, 1, 1, 1, 0, 0, 1]","[1.0588488578796387, 1.0487605333328247, -1.0412167310714722, 1.0376851558685303, 1.0546295642852783, -1.0401618480682373, -1.0387617349624634, -1.0382893085479736]"
199,"[1, 1, 0, 1, 1, 0, 0, 0]","[0, 0, 1, 1, 1, 0, 0, 0]","[-1.0463885068893433, -1.0515424013137817, 1.0502949953079224, -1.0432791709899902, -1.051464319229126, 1.039414405822754, 1.041807770729065, 1.042223572731018]"
200,"[1, 1, 0, 0, 1, 0, 0, 1]","[0, 0, 1, 1, 0, 1, 1, 1]","[-1.05203378200531, -1.0518471002578735, 1.0425325632095337, 1.0360630750656128, -1.0464762449264526, 1.0360404253005981, 1.037057638168335, -1.0422805547714233]"
201,"[0, 0, 1, 1, 0, 1, 1, 0]","[0, 0, 1, 1, 0, 1, 1, 0]","[1.0611737966537476, 1.0579683780670166, -1.0420626401901245, -1.0406405925750732, 1.0528483390808105, -1.0432919263839722, -1.0388556718826294, 1.0435563325881958]"
202,"[1, 1, 1, 0, 0, 0, 1, 1]","[0, 0, 1, 1, 0, 1, 0, 1]","[-1.0303142070770264, -1.0561652183532715, -1.042565107345581, 1.0367262363433838, 1.0485872030258179, 1.0410455465316772, -1.036741018295288, -1.037847638130188]"
203,"[1, 0, 0, 1, 1, 1, 0, 0]","[0, 0, 1, 1, 0, 1, 0, 0]","[-1.0436686277389526, 1.0591789484024048, 1.0513557195663452, -1.0417332649230957, -1.0527863502502441, -1.045609474182129, 1.040510654449463, 1.0406684875488281]"
204,"[0, 0, 0, 0, 0, 1, 0, 1]","[0, 0, 1, 1, 0, 0, 1, 1]","[1.055557131767273, 1.0482494831085205, 1.0498493909835815, 1.0368287563323975, 1.0518219470977783, -1.041938304901123, 1.0408501625061035, -1.039567470550537]"
205,"[1, 1, 1, 1, 1, 0, 1, 0]","[0, 0, 1, 1, 0, 0, 1, 0]","[-1.0464060306549072, -1.055418610572815, -1.0456862449645996, -1.045763373374939, -1.051054835319519, 1.0407249927520752, -1.043297290802002, 1.0422481298446655]"
206,"[1, 0, 1, 0, 1, 1, 1, 1]","[0, 0, 1, 1, 0, 0, 0, 1]","[-1.0472640991210938, 1.0466394424438477, -1.048155665397644, 1.0379422903060913, -1.0527088642120361, -1.0431995391845703, -1.0401217937469482, -1.043048620223999]"
207,"[0, 1, 0, 1, 0, 0, 0, 0]","[0, 0, 1, 1, 0, 0, 0, 0]","[1.04885995388031, -1.0526962280273438, 1.0476356744766235, -1.0481905937194824, 1.0366028547286987, 1.0383161306381226, 1.039652943611145, 1.041913390159607]"
208,"[1, 0, 1, 1, 0, 0, 0, 1]","[0, 0, 1, 0, 1, 1, 1, 1]","[-1.0505934953689575, 1.0435295104980469, -1.0448663234710693, -1.0447651147842407, 1.0374597311019897, 1.0378499031066895, 1.0377391576766968, -1.0438112020492554]"
209,"[0, 1, 0, 0, 1, 1, 1, 0]","[0, 0, 1, 0, 1, 1, 1, 0]","[1.0631617307662964, -1.0411094427108765, 1.047513723373413, 1.0431228876113892, -1.0404903888702393, -1.0409339666366577, -1.0371969938278198, 1.042320966720581]"
210,"[0, 0, 0, 1, 1, 0, 1, 1]","[0, 0, 1, 0, 1, 1, 0, 1]","[1.053997278213501, 1.0468217134475708, 1.0496318340301514, -1.03993558883667, -1.0423017740249634, 1.0418668985366821, -1.0366965532302856, -1.036149263381958]"
211,"[1, 1, 1, 0, 0, 1, 0, 0]","[0, 0, 1, 0, 1, 1, 0, 0]","[-1.0442805290222168, -1.042356252670288, -1.0541788339614868, 1.0407358407974243, 1.0536062717437744, -1.0447463989257812, 1.0431684255599976, 1.0426297187805176]"
212,"[0, 1, 1, 1, 1, 1, 0, 1]","[0, 0, 1, 0, 1, 0, 1, 1]","[1.0547846555709839, -1.0487256050109863, -1.0498390197753906, -1.0392049551010132, -1.0451740026474, -1.0383669137954712, 1.0419784784317017, -1.0375264883041382]"
213,"[1, 0, 0, 0, 0, 0, 1, 0]","[0, 0, 1, 0, 1, 0, 1, 0]","[-1.0447090864181519, 1.0468052625656128, 1.0532783269882202, 1.043661117553711, 1.0479044914245605, 1.0441697835922241, -1.042725920677185, 1.0434918403625488]"
214,"[1, 1, 0, 1, 0, 1, 1, 1]","[0, 0, 1, 0, 1, 0, 0, 1]","[-1.045364260673523, -1.0554111003875732, 1.0455461740493774, -1.0462217330932617, 1.0512081384658813, -1.042508840560913, -1.0436815023422241, -1.0430216789245605]"
215,"[0, 0, 1, 0, 1, 0, 0, 0]","[0, 0, 1, 0, 1, 0, 0, 0]","[1.0498090982437134, 1.0451409816741943, -1.0489435195922852, 1.0400034189224243, -1.0538462400436401, 1.0393567085266113, 1.0410500764846802, 1.0427796840667725]"
216,"[0, 0, 1, 1, 1, 0, 0, 1]","[0, 0, 1, 0, 0, 1, 1, 1]","[1.0225600004196167, 1.0386958122253418, -1.0497499704360962, -1.0450695753097534, -1.0450304746627808, 1.0397802591323853, 1.0395139455795288, -1.0431814193725586]"
217,"[1, 1, 0, 0, 0, 1, 1, 0]","[0, 0, 1, 0, 0, 1, 1, 0]","[-1.0518461465835571, -1.0434449911117554, 1.0511318445205688, 1.0424692630767822, 1.0558520555496216, -1.0452824831008911, -1.0397323369979858, 1.0408871173858643]"
218,"[1, 0, 0, 1, 0, 0, 1, 1]","[0, 0, 1, 0, 0, 1, 0, 1]","[-1.0528875589370728, 1.041802167892456, 1.045828104019165, -1.0446833372116089, 1.0497971773147583, 1.0401074886322021, -1.0426369905471802, -1.0424745082855225]"
219,"[0, 1, 1, 0, 1, 1, 0, 0]","[0, 0, 1, 0, 0, 1, 0, 0]","[1.0457408428192139, -1.0437562465667725, -1.051190733909607, 1.0407483577728271, -1.0525258779525757, -1.046608567237854, 1.0374070405960083, 1.0404950380325317]"
220,"[1, 1, 1, 1, 0, 1, 0, 1]","[0, 0, 1, 0, 0, 0, 1, 1]","[-1.0464242696762085, -1.052472472190857, -1.0526162385940552, -1.0485090017318726, 1.0522078275680542, -1.0453778505325317, 1.0417217016220093, -1.0442205667495728]"
221,"[0, 0, 0, 0, 1, 0, 1, 0]","[0, 0, 1, 0, 0, 0, 1, 0]","[1.0478326082229614, 1.0467922687530518, 1.0535639524459839, 1.0426428318023682, -1.0553638935089111, 1.042056918144226, -1.045886754989624, 1.0416908264160156]"
222,"[0, 1, 0, 1, 1, 1, 1, 1]","[0, 0, 1, 0, 0, 0, 0, 1]","[1.04742431640625, -1.0597286224365234, 1.044147253036499, -1.0478342771530151, -1.055265188217163, -1.0456442832946777, -1.0469027757644653, -1.047455906867981]"
223,"[0, 0, 1, 0, 0, 0, 0, 0]","[0, 0, 1, 0, 0, 0, 0, 0]","[0.9921864867210388, 1.0436930656433105, -1.0495250225067139, 1.0401573181152344, 1.039620041847229, 1.0396835803985596, 1.0394790172576904, 1.0407687425613403]"
224,"[1, 1, 1, 0, 0, 0, 0, 1]","[0, 0, 0, 1, 1, 1, 1, 1]","[-1.0484064817428589, -1.052782416343689, -1.0485970973968506, 1.0331594944000244, 1.0374698638916016, 1.036129355430603, 1.036456823348999, -1.0465588569641113]"
225,"[0, 0, 0, 1, 1, 1, 1, 0]","[0, 0, 0, 1, 1, 1, 1, 0]","[1.0585834980010986, 1.0570721626281738, 1.058281421661377, -1.0427876710891724, -1.0431183576583862, -1.0436222553253174, -1.0407131910324097, 1.041621208190918]"
226,"[0, 1, 0, 0, 1, 0, 1, 1]","[0, 0, 0, 1, 1, 1, 0, 1]","[1.0534374713897705, -1.0565062761306763, 1.0490537881851196, 1.038578748703003, -1.0407794713974, 1.0382275581359863, -1.0395638942718506, -1.040751576423645]"
227,"[1, 0, 1, 1, 0, 1, 0, 0]","[0, 0, 0, 1, 1, 1, 0, 0]","[-1.0441030263900757, 1.0591691732406616, -1.0537008047103882, -1.0422155857086182, 1.0519776344299316, -1.045158863067627, 1.0433334112167358, 1.0421103239059448]"
228,"[1, 0, 1, 0, 1, 1, 0, 1]","[0, 0, 0, 1, 1, 0, 1, 1]","[-1.0067719221115112, 1.0439491271972656, -1.0509052276611328, 1.022808313369751, -1.0379472970962524, -1.0450923442840576, 1.0307896137237549, -1.045879602432251]"
229,"[1, 1, 0, 1, 0, 0, 1, 0]","[0, 0, 0, 1, 1, 0, 1, 0]","[-1.0444004535675049, -1.0562183856964111, 1.0582243204116821, -1.0453070402145386, 1.043187141418457, 1.0432846546173096, -1.0455085039138794, 1.043224811553955]"
230,"[0, 0, 0, 0, 0, 1, 1, 1]","[0, 0, 0, 1, 1, 0, 0, 1]","[1.036436915397644, 1.0467694997787476, 1.05154287815094, 1.0365346670150757, 1.0486533641815186, -1.0339124202728271, -1.0400688648223877, -1.0400525331497192]"
231,"[1, 1, 1, 1, 1, 0, 0, 0]","[0, 0, 0, 1, 1, 0, 0, 0]","[-0.9881510138511658, -1.052111268043518, -1.05172860622406, -1.0456292629241943, -1.0512704849243164, 1.0347254276275635, 1.0399665832519531, 1.040139079093933]"
232,"[0, 1, 1, 0, 1, 0, 0, 1]","[0, 0, 0, 1, 0, 1, 1, 1]","[1.0474406480789185, -1.0538381338119507, -1.048521876335144, 1.0272722244262695, -1.045595407485962, 1.0342381000518799, 1.0351179838180542, -1.0439338684082031]"
233,"[0, 0, 0, 1, 0, 1, 1, 0]","[0, 0, 0, 1, 0, 1, 1, 0]","[1.0019203424453735, 1.0594768524169922, 1.0566662549972534, -1.0416760444641113, 1.0538710355758667, -1.0455836057662964, -1.0412203073501587, 1.0407122373580933]"
234,"[1, 1, 0, 0, 0, 0, 1, 1]","[0, 0, 0, 1, 0, 1, 0, 1]","[-1.0598667860031128, -1.0583722591400146, 1.050227165222168, 1.0372995138168335, 1.0482429265975952, 1.039780855178833, -1.043617844581604, -1.043459415435791]"
235,"[0, 0, 1, 1, 1, 1, 0, 0]","[0, 0, 0, 1, 0, 1, 0, 0]","[1.0518728494644165, 1.057511806488037, -1.0540549755096436, -1.0422848463058472, -1.0520684719085693, -1.0469403266906738, 1.039436936378479, 1.0372117757797241]"
236,"[1, 0, 1, 0, 0, 1, 0, 1]","[0, 0, 0, 1, 0, 0, 1, 1]","[-1.0564281940460205, 1.044793725013733, -1.0534926652908325, 1.0353147983551025, 1.0506572723388672, -1.0476917028427124, 1.039270281791687, -1.0450011491775513]"
237,"[0, 1, 0, 1, 1, 0, 1, 0]","[0, 0, 0, 1, 0, 0, 1, 0]","[1.052667498588562, -1.0565199851989746, 1.057404637336731, -1.0443148612976074, -1.0528701543807983, 1.0403164625167847, -1.0460593700408936, 1.0400712490081787]"
238,"[0, 0, 0, 0, 1, 1, 1, 1]","[0, 0, 0, 1, 0, 0, 0, 1]","[1.0524215698242188, 1.0461697578430176, 1.0505489110946655, 1.0360440015792847, -1.0550428628921509, -1.0444369316101074, -1.0454893112182617, -1.0452886819839478]"
239,"[1, 1, 1, 1, 0, 0, 0, 0]","[0, 0, 0, 1, 0, 0, 0, 0]","[-1.0526925325393677, -1.0519875288009644, -1.0527949333190918, -1.0519212484359741, 1.0381336212158203, 1.037585735321045, 1.039899230003357, 1.043014645576477]"
240,"[0, 0, 0, 1, 0, 0, 0, 1]","[0, 0, 0, 0, 1, 1, 1, 1]","[1.048480749130249, 1.042280673980713, 1.0432095527648926, -1.0447481870651245, 1.0358233451843262, 1.0356756448745728, 1.0360753536224365, -1.0446747541427612]"
241,"[1, 1, 1, 0, 1, 1, 1, 0]","[0, 0, 0, 0, 1, 1, 1, 0]","[-1.0424376726150513, -1.0417368412017822, -1.052497148513794, 1.042279601097107, -1.042138934135437, -1.0446362495422363, -1.0419889688491821, 1.0422507524490356]"
242,"[1, 0, 1, 1, 1, 0, 1, 1]","[0, 0, 0, 0, 1, 1, 0, 1]","[-1.0524543523788452, 1.0433076620101929, -1.0518081188201904, -1.0475572347640991, -1.0469274520874023, 1.0410857200622559, -1.045565128326416, -1.0453190803527832]"
243,"[1, 1, 0, 0, 0, 1, 0, 0]","[0, 0, 0, 0, 1, 1, 0, 0]","[-1.0157923698425293, -1.0425163507461548, 1.048699140548706, 1.0408612489700317, 1.052319884300232, -1.0453996658325195, 1.043617606163025, 1.0403318405151367]"
244,"[1, 1, 0, 1, 1, 1, 0, 1]","[0, 0, 0, 0, 1, 0, 1, 1]","[-1.057034969329834, -1.0529649257659912, 1.0498329401016235, -1.0481877326965332, -1.0492461919784546, -1.0444749593734741, 1.0408267974853516, -1.0429036617279053]"
245,"[0, 0, 1, 0, 0, 0, 1, 0]","[0, 0, 0, 0, 1, 0, 1, 0]","[1.0528309345245361, 1.045451283454895, -1.051108717918396, 1.0461221933364868, 1.0466035604476929, 1.044711947441101, -1.0443438291549683, 1.0424866676330566]"
246,"[1, 1, 1, 1, 0, 1, 1, 1]","[0, 0, 0, 0, 1, 0, 0, 1]","[-1.038638710975647, -1.057539701461792, -1.0556480884552002, -1.0490937232971191, 1.0425848960876465, -1.047621726989746, -1.0488028526306152, -1.046264410018921]"
247,"[1, 0, 0, 0, 1, 0, 0, 0]","[0, 0, 0, 0, 1, 0, 0, 0]","[-1.0526607036590576, 1.0487157106399536, 1.048338770866394, 1.0421255826950073, -1.0540945529937744, 1.039724588394165, 1.0421292781829834, 1.043631911277771]"
248,"[1, 0, 0, 1, 1, 0, 0, 1]","[0, 0, 0, 0, 0, 1, 1, 1]","[-1.062852144241333, 1.0424357652664185, 1.044608473777771, -1.0494725704193115, -1.0486220121383667, 1.0395575761795044, 1.039506196975708, -1.0485862493515015]"
249,"[0, 1, 1, 0, 0, 1, 1, 0]","[0, 0, 0, 0, 0, 1, 1, 0]","[1.0471231937408447, -1.045969843864441, -1.0549676418304443, 1.0424221754074097, 1.0551514625549316, -1.0457674264907837, -1.0428564548492432, 1.0374594926834106]"
250,"[0, 0, 1, 1, 0, 0, 1, 1]","[0, 0, 0, 0, 0, 1, 0, 1]","[1.0477644205093384, 1.042400598526001, -1.0547815561294556, -1.0476150512695312, 1.0498062372207642, 1.0390487909317017, -1.0467677116394043, -1.046384334564209]"
251,"[1, 1, 0, 0, 1, 1, 0, 0]","[0, 0, 0, 0, 0, 1, 0, 0]","[-1.05489182472229, -1.0439982414245605, 1.04738187789917, 1.0421348810195923, -1.0505768060684204, -1.0465455055236816, 1.0416566133499146, 1.0398696660995483]"
252,"[0, 1, 0, 1, 0, 1, 0, 1]","[0, 0, 0, 0, 0, 0, 1, 1]","[1.0457991361618042, -1.05617356300354, 1.0501528978347778, -1.0475324392318726, 1.0510814189910889, -1.0477880239486694, 1.0413521528244019, -1.045184850692749]"
253,"[1, 0, 1, 0, 1, 0, 1, 0]","[0, 0, 0, 0, 0, 0, 1, 0]","[-1.0560505390167236, 1.0471519231796265, -1.0549745559692383, 1.0441454648971558, -1.0567317008972168, 1.0462348461151123, -1.0474648475646973, 1.0407582521438599]"
254,"[1, 1, 1, 1, 1, 1, 1, 1]","[0, 0, 0, 0, 0, 0, 0, 1]","[-1.0570616722106934, -1.0586626529693604, -1.0579752922058105, -1.0498031377792358, -1.0568199157714844, -1.0492122173309326, -1.0506552457809448, -1.044752836227417]"
255,"[1, 1, 0, 0, 0, 0, 0, 0]","[0, 0, 0, 0, 0, 0, 0, 0]","[-1.0002847909927368, -0.04832414537668228, 0.7727935314178467, 0.9386574625968933, 0.08983240276575089, 0.9489414691925049, 0.9556503891944885, 1.0208561420440674]"
